StartDate,EndDate,Progress,Duration (in seconds),Finished,RecordedDate,Q1.3,Q1.4,Q1.5,Q1.6,Q1.7,Q1.8,Q2.2_1,Q2.2_2,Q2.2_3,Q2.2_4,Q2.2_5,Q2.2_6,Q2.2_7,Q2.2_8,Q2.3_1,Q2.3_4,Q2.3_5,Q2.3_6,Q2.3_7,Q2.3_8,Q2.3_9,Q2.4_1,Q2.4_2,Q2.4_3,Q2.4_4,Q3.2_1,Q3.2_2,Q3.2_3,Q3.2_4,Q3.2_5,Q3.2_6,Q3.2_7,Q3.3_1,Q3.3_2,Q3.3_3,Q3.3_4,Q3.4_1,Q3.4_2,Q3.4_3,Q3.4_4,Q3.5_1,Q3.5_2,Q3.5_3,Q3.5_4,Q3.5_5,Q3.6_1,Q3.6_2,Q3.6_3,Q3.6_4,Q3.6_5,Q3.7_1,Q3.7_2,Q3.7_3,Q3.7_4,Q3.7_5,Q3.8,Q4.2_1,Q4.2_2,Q4.2_3,Q4.2_4,Q4.3_1,Q4.3_2,Q4.3_3,Q4.4_1,Q4.4_2,Q4.4_3,Q4.4_4,Q4.4_5,Q4.4_6,Q4.4_7,Q4.4_8,Q4.4_9,Q4.4_10,Q4.4_11,Q4.4_12,Q4.4_13,Q4.4_14,Q4.5_1,Q4.5_2,Q4.5_3,Q4.6_1,Q4.6_2,Q4.6_3,Q4.6_4,Q4.6_5,Q4.6_6,Q4.6_7,Q4.6_8,Q4.7,Q5.2_1,Q5.2_2,Q5.2_3,Q5.2_4,Q5.2_5,Q5.2_6,Q5.2_7,Q5.2_8,Q5.2_9,Q5.3,Q5.4,Q5.5,Q5.6
Start Date,End Date,Progress,Duration (in seconds),Finished,Recorded Date,What is your gender?,What is your race/ethnicity?,How many years have you been teaching for Augustin College?,What Augustin College programs do you teach in?,Which undergraduate programs do you currently teach in?,Which graduate programs do you currently teach in?,"How important are the following aspects for promoting Augustin College to future students?* - Flexible learning Options (e.g., online, evening, hybrid)",How important are the following aspects for promoting Augustin College to future students?* - Career-focused programs aligned with workforce needs,How important are the following aspects for promoting Augustin College to future students?* - Competitive tuition and robust financial aid support,How important are the following aspects for promoting Augustin College to future students?* - Mission-driven education rooted in purpose and service,How important are the following aspects for promoting Augustin College to future students?* - Personalized support and a student-centered community,How important are the following aspects for promoting Augustin College to future students?* - Accelerated or modular degree completion pathways,How important are the following aspects for promoting Augustin College to future students?* - Strong Veritus Imperial University reputation and alumni network,How important are the following aspects for promoting Augustin College to future students?* - Strong faculty with industry experience,What should Augustin College actively seek to enroll more of in the future? Please rank the following options by dragging the selection up or down in your preferred rank order where number 1 is the most important option to seek more of and 7 is the lowest. - Working professionals seeking to advance in their current field,What should Augustin College actively seek to enroll more of in the future? Please rank the following options by dragging the selection up or down in your preferred rank order where number 1 is the most important option to seek more of and 7 is the lowest. - Adult learners returning to college after time away,What should Augustin College actively seek to enroll more of in the future? Please rank the following options by dragging the selection up or down in your preferred rank order where number 1 is the most important option to seek more of and 7 is the lowest. - Recent high school graduates looking for flexible pathways,What should Augustin College actively seek to enroll more of in the future? Please rank the following options by dragging the selection up or down in your preferred rank order where number 1 is the most important option to seek more of and 7 is the lowest. - Career changers pursuing graduate credentials,What should Augustin College actively seek to enroll more of in the future? Please rank the following options by dragging the selection up or down in your preferred rank order where number 1 is the most important option to seek more of and 7 is the lowest. - First-generation college students,What should Augustin College actively seek to enroll more of in the future? Please rank the following options by dragging the selection up or down in your preferred rank order where number 1 is the most important option to seek more of and 7 is the lowest. - Students from underrepresented or historically marginalized backgrounds,What should Augustin College actively seek to enroll more of in the future? Please rank the following options by dragging the selection up or down in your preferred rank order where number 1 is the most important option to seek more of and 7 is the lowest. - International students,Which do you believe are most important to emphasize in order to positively influence prospective students to apply to Augustin College? Please rank the following factors by dragging the selection up or down in your preferred rank order where number 1 is the most important factor to emphasize and 4 is the lowest thing to emphasize. - Veritus Imperial University's overall academic reputation,Which do you believe are most important to emphasize in order to positively influence prospective students to apply to Augustin College? Please rank the following factors by dragging the selection up or down in your preferred rank order where number 1 is the most important factor to emphasize and 4 is the lowest thing to emphasize. - Augustin College's unique identity and reputation,Which do you believe are most important to emphasize in order to positively influence prospective students to apply to Augustin College? Please rank the following factors by dragging the selection up or down in your preferred rank order where number 1 is the most important factor to emphasize and 4 is the lowest thing to emphasize. - Reputation and credibility of individual programs,Which do you believe are most important to emphasize in order to positively influence prospective students to apply to Augustin College? Please rank the following factors by dragging the selection up or down in your preferred rank order where number 1 is the most important factor to emphasize and 4 is the lowest thing to emphasize. - Academic rigor and challenge of the curriculum,How important are the following aspects to the future learning experience at Augustin College? - Small class sizes and individualized attention,"How important are the following aspects to the future learning experience at Augustin College? - Experiential learning opportunities (e.g., internships, client projects)",How important are the following aspects to the future learning experience at Augustin College? - Courses that develop leadership and communication skills,How important are the following aspects to the future learning experience at Augustin College? - In-person learning opportunities,How important are the following aspects to the future learning experience at Augustin College? - Daytime course offerings,How important are the following aspects to the future learning experience at Augustin College? - Online synchronous learning opportunities (live online classes),"How important are the following aspects to the future learning experience at Augustin College? - Online asynchronous learning opportunities (flexible, self-paced online classes)",How important are the following aspects of faculty mentoring to the academic experience at Augustin College? - Access to a faculty mentor outside of class,How important are the following aspects of faculty mentoring to the academic experience at Augustin College? - Structured mentorship programs,How important are the following aspects of faculty mentoring to the academic experience at Augustin College? - Faculty support for career and professional development,How important are the following aspects of faculty mentoring to the academic experience at Augustin College? - Access to faculty research opportunities outside of class,How important are the following opportunities for ensuring academic accessibility and inclusion at Augustin College? - Access for students with disabilities,How important are the following opportunities for ensuring academic accessibility and inclusion at Augustin College? - Faculty trained in universal course design,How important are the following opportunities for ensuring academic accessibility and inclusion at Augustin College? - Clear and simple process for requesting academic accommodations,How important are the following opportunities for ensuring academic accessibility and inclusion at Augustin College? - Ease of access to university technology systems,"How important are the following initiatives for building academic community at Augustin College? - Events that bring students and faculty together (e.g. speaker series, brown bag lunches, etc.)",How important are the following initiatives for building academic community at Augustin College? - Peer mentoring,How important are the following initiatives for building academic community at Augustin College? - Study groups,How important are the following initiatives for building academic community at Augustin College? - Increased opportunities to connect online and in-person students,How important are the following initiatives for building academic community at Augustin College? - On campus housing options,"As Augustin College expands its academic offerings, how important are the following priorities? - Career-focused courses aligned with industry needs (action research project & internships)","As Augustin College expands its academic offerings, how important are the following priorities? - Research-focused courses aligned with industry trends","As Augustin College expands its academic offerings, how important are the following priorities? - Courses in high-demand fields (eg., technology, public health, business ethics)","As Augustin College expands its academic offerings, how important are the following priorities? - Flexibility to take courses across other Veritus Imperial University programs","As Augustin College expands its academic offerings, how important are the following priorities? - Active engagement in the classroom/Zoom class meetings",How important are the following features for ensuring academic excellence at Augustin College? - High academic standards,How important are the following features for ensuring academic excellence at Augustin College? - Strong support systems,"How important are the following features for ensuring academic excellence at Augustin College? - Advanced, challenge-based assignments",How important are the following features for ensuring academic excellence at Augustin College? - Transparent grading,How important are the following features for ensuring academic excellence at Augustin College? - Clear and timely feedback,What is one improvement or innovation you would recommend to strengthen the academic experience at Augustin College?,How important do you believe each of the following initiatives is for enhancing students' non-academic and co-curricular engagement at Augustin College? - More events and opportunities that foster a sense of community,How important do you believe each of the following initiatives is for enhancing students' non-academic and co-curricular engagement at Augustin College? - Additional leadership and volunteer opportunities within Augustin College,How important do you believe each of the following initiatives is for enhancing students' non-academic and co-curricular engagement at Augustin College? - More spaces (common areas for eating or studying) to support personal development beyond coursework,How important do you believe each of the following initiatives is for enhancing students' non-academic and co-curricular engagement at Augustin College? - More community service opportunties,"How important are the following strategies for improving students' access to university-wide services? - Better visibility and accessibility of university services (e.g., Career Center, Library)",How important are the following strategies for improving students' access to university-wide services? - Closer integration of Veritus Imperial University services into the Augustin College student experience,How important are the following strategies for improving students' access to university-wide services? - Stronger collaboration between Augustin College and other Veritus Imperial University departments,How important is a closer integration of Veritus Imperial University services within Augustin College? -  Faith Ministry,How important is a closer integration of Veritus Imperial University services within Augustin College? - Career Center,How important is a closer integration of Veritus Imperial University services within Augustin College? - The Tutoring and Exam Center,How important is a closer integration of Veritus Imperial University services within Augustin College? - Dining Hall,How important is a closer integration of Veritus Imperial University services within Augustin College? - Veritus Imperial University Accessibility Services,How important is a closer integration of Veritus Imperial University services within Augustin College? - Financial Aid,How important is a closer integration of Veritus Imperial University services within Augustin College? - IT Help Desk,How important is a closer integration of Veritus Imperial University services within Augustin College? - Veritus Imperial University Libraries,How important is a closer integration of Veritus Imperial University services within Augustin College? -  Gym & Recreation Center,How important is a closer integration of Veritus Imperial University services within Augustin College? - Veteran Support,How important is a closer integration of Veritus Imperial University services within Augustin College? -  Student Wellness Center,How important is a closer integration of Veritus Imperial University services within Augustin College? - Undergrad Student Life Office,How important is a closer integration of Veritus Imperial University services within Augustin College? - Graduate Student Life Office,How important is a closer integration of Veritus Imperial University services within Augustin College? - International Students Office,How important are the following enhancements to Augustin College student services? - Increased outreach from advising,How important are the following enhancements to Augustin College student services? - More streamlined and timely communication from Augustin College offices,How important are the following enhancements to Augustin College student services? - Expanded personalized career guidance tailored to student goals,How important are the following priorities for preparing students for life after Augustin College? - Opportunities for career networking,How important are the following priorities for preparing students for life after Augustin College? - Internal/External Career Mentoring,How important are the following priorities for preparing students for life after Augustin College? - Career advising,How important are the following priorities for preparing students for life after Augustin College? - Opportunities to develop leadership skills,How important are the following priorities for preparing students for life after Augustin College? - Opportunities for personal skill development,How important are the following priorities for preparing students for life after Augustin College? - Enhanced career preparation through internships,How important are the following priorities for preparing students for life after Augustin College? - Networking,How important are the following priorities for preparing students for life after Augustin College? - Clearer alignment between academic programs and professional goals,What is one improvement or new initiative you would recommend to enhance the student experience at Augustin College?,"How important should each of the following ideas be in shaping the future mission of Augustin College? - Upholding values such as service, justice, and reflection",How important should each of the following ideas be in shaping the future mission of Augustin College? - Expanding flexible pathways for adult and nontraditional learners,How important should each of the following ideas be in shaping the future mission of Augustin College? - Preparing students to be ethical leaders in a complex world,"How important should each of the following ideas be in shaping the future mission of Augustin College? - Promoting diversity, inclusion, and equity across the student experience",How important should each of the following ideas be in shaping the future mission of Augustin College? - Focusing on real-world impact and professional advancement,How important should each of the following ideas be in shaping the future mission of Augustin College? - Supporting lifelong learning and career reinvention,How important should each of the following ideas be in shaping the future mission of Augustin College? - Fostering a strong sense of community and personal connection,"How important should each of the following ideas be in shaping the future mission of Augustin College? - Developing student's ability to lead, serve, and transform society",How important should each of the following ideas be in shaping the future mission of Augustin College? - Aligning with the evolving challenges and opportunities of the future workforce,Are there any other ideas or priorities you believe Augustin College should incorporate into its future mission?,How can Augustin College support you better in your teaching in the future?,How can Augustin College cultivate a stronger sense of community among the faculty in the future?,"In the future, how can Augustin College cultivate a stronger sense of community and shared identify among faculty, staff, and students?"
"{""ImportId"":""startDate"",""timeZone"":""America/New_York""}","{""ImportId"":""endDate"",""timeZone"":""America/New_York""}","{""ImportId"":""progress""}","{""ImportId"":""duration""}","{""ImportId"":""finished""}","{""ImportId"":""recordedDate"",""timeZone"":""America/New_York""}","{""ImportId"":""QID1""}","{""ImportId"":""QID5""}","{""ImportId"":""QID10_TEXT""}","{""ImportId"":""QID15""}","{""ImportId"":""QID17""}","{""ImportId"":""QID44""}","{""ImportId"":""QID21_1""}","{""ImportId"":""QID21_2""}","{""ImportId"":""QID21_3""}","{""ImportId"":""QID21_4""}","{""ImportId"":""QID21_5""}","{""ImportId"":""QID21_6""}","{""ImportId"":""QID21_7""}","{""ImportId"":""QID21_8""}","{""ImportId"":""QID45_1""}","{""ImportId"":""QID45_2""}","{""ImportId"":""QID45_3""}","{""ImportId"":""QID45_4""}","{""ImportId"":""QID45_5""}","{""ImportId"":""QID45_6""}","{""ImportId"":""QID45_7""}","{""ImportId"":""QID22_1""}","{""ImportId"":""QID22_2""}","{""ImportId"":""QID22_3""}","{""ImportId"":""QID22_4""}","{""ImportId"":""QID24_1""}","{""ImportId"":""QID24_2""}","{""ImportId"":""QID24_3""}","{""ImportId"":""QID24_4""}","{""ImportId"":""QID24_5""}","{""ImportId"":""QID24_6""}","{""ImportId"":""QID24_7""}","{""ImportId"":""QID25_1""}","{""ImportId"":""QID25_2""}","{""ImportId"":""QID25_3""}","{""ImportId"":""QID25_4""}","{""ImportId"":""QID26_1""}","{""ImportId"":""QID26_2""}","{""ImportId"":""QID26_3""}","{""ImportId"":""QID26_4""}","{""ImportId"":""QID27_1""}","{""ImportId"":""QID27_2""}","{""ImportId"":""QID27_3""}","{""ImportId"":""QID27_4""}","{""ImportId"":""QID27_5""}","{""ImportId"":""QID28_1""}","{""ImportId"":""QID28_2""}","{""ImportId"":""QID28_3""}","{""ImportId"":""QID28_4""}","{""ImportId"":""QID28_5""}","{""ImportId"":""QID29_1""}","{""ImportId"":""QID29_2""}","{""ImportId"":""QID29_3""}","{""ImportId"":""QID29_4""}","{""ImportId"":""QID29_5""}","{""ImportId"":""QID30_TEXT""}","{""ImportId"":""QID32_1""}","{""ImportId"":""QID32_2""}","{""ImportId"":""QID32_3""}","{""ImportId"":""QID32_4""}","{""ImportId"":""QID33_1""}","{""ImportId"":""QID33_2""}","{""ImportId"":""QID33_3""}","{""ImportId"":""QID34_1""}","{""ImportId"":""QID34_2""}","{""ImportId"":""QID34_3""}","{""ImportId"":""QID34_4""}","{""ImportId"":""QID34_5""}","{""ImportId"":""QID34_6""}","{""ImportId"":""QID34_7""}","{""ImportId"":""QID34_8""}","{""ImportId"":""QID34_9""}","{""ImportId"":""QID34_10""}","{""ImportId"":""QID34_11""}","{""ImportId"":""QID34_12""}","{""ImportId"":""QID34_13""}","{""ImportId"":""QID34_14""}","{""ImportId"":""QID35_1""}","{""ImportId"":""QID35_2""}","{""ImportId"":""QID35_3""}","{""ImportId"":""QID36_1""}","{""ImportId"":""QID36_2""}","{""ImportId"":""QID36_3""}","{""ImportId"":""QID36_4""}","{""ImportId"":""QID36_5""}","{""ImportId"":""QID36_6""}","{""ImportId"":""QID36_7""}","{""ImportId"":""QID36_8""}","{""ImportId"":""QID37_TEXT""}","{""ImportId"":""QID39_1""}","{""ImportId"":""QID39_2""}","{""ImportId"":""QID39_3""}","{""ImportId"":""QID39_4""}","{""ImportId"":""QID39_5""}","{""ImportId"":""QID39_6""}","{""ImportId"":""QID39_7""}","{""ImportId"":""QID39_8""}","{""ImportId"":""QID39_9""}","{""ImportId"":""QID40_TEXT""}","{""ImportId"":""QID46_TEXT""}","{""ImportId"":""QID47_TEXT""}","{""ImportId"":""QID48_TEXT""}"
5/8/2025 15:03,5/8/2025 15:14,100,663,TRUE,5/8/2025 15:14,Female,Asian,1,Undergraduate Programs,Undergrad Program 1,,Very important,Extremely important,Very important,Moderately Important,Very important,Very important,Very important,Extremely important,4,1,2,3,6,5,7,4,3,2,1,Moderately important,Moderately important,Moderately important,Moderately important,Moderately important,Very important,Extremely important,Slightly important,Very important,Moderately important,Moderately important,Very important,Moderately important,Moderately important,Very important,Moderately important,Very important,Moderately important,Very important,Slightly important,Extremely important,Extremely important,Extremely important,Moderately important,Very important,Extremely important,Extremely important,Very important,Very important,Very important,Have more AI/ML focused courses and use AI/ML tech to accelerate student learning.,Very important,Very important,Very important,Very important,Very important,Very important,Very important,Moderately important,Very important,Moderately important,Moderately important,Very important,Very important,Very important,Very important,Very important,Very important,Very important,Very important,Very important,Very important,Very important,Very important,Very important,Very important,Very important,Very important,Very important,Very important,Very important,Very important,,Have more collaborative activities for students to build sense of Veritus Imperial University community and belonging ,Not at all important,Very important,Very important,Very important,Very important,Very important,Very important,Very important,Very important,Importance of environmental sustainability and tech-for-good.,Better career advancement,Organize more team building events,Organize more team building events
5/8/2025 15:07,5/8/2025 15:14,100,418,TRUE,5/8/2025 15:14,Female,White,4,Graduate Programs,,Graduate Program 1,Very important,Extremely important,Extremely important,Moderately Important,Very important,Very important,Moderately Important,Extremely important,2,1,6,5,3,4,7,4,1,2,3,Very important,Extremely important,Very important,Very important,Moderately important,Very important,Moderately important,Very important,Very important,Extremely important,Moderately important,Very important,Moderately important,Very important,Extremely important,Moderately important,Very important,Very important,Extremely important,Moderately important,Extremely important,Moderately important,Extremely important,Very important,Extremely important,Very important,Extremely important,Very important,Moderately important,Extremely important,,Very important,Extremely important,Moderately important,Moderately important,Very important,Extremely important,Extremely important,Moderately important,Extremely important,Very important,Slightly important,Moderately important,Extremely important,Extremely important,Very important,Very important,Moderately important,Moderately important,Moderately important,Moderately important,Moderately important,Extremely important,Extremely important,Extremely important,Very important,Very important,Very important,Extremely important,Extremely important,Very important,Very important,Extremely important,,Moderately important,Very important,Extremely important,Moderately important,Very important,Very important,Very important,Very important,Extremely important,,,,
5/8/2025 15:08,5/8/2025 15:20,100,721,TRUE,5/8/2025 15:20,Male,White,8,Undergraduate Programs,Undergrad Program 2,,Very important,Very important,Extremely important,Moderately Important,Moderately Important,Very important,Very important,Very important,2,1,3,4,5,7,6,,,,,Moderately important,Slightly important,Very important,Very important,Not Important,Moderately important,Very important,Slightly important,Moderately important,Moderately important,Slightly important,Slightly important,Not at all important,Very important,Slightly important,Moderately important,Slightly important,Moderately important,Slightly important,Not at all important,Extremely important,Slightly important,Extremely important,Very important,Moderately important,Slightly important,Moderately important,Moderately important,Very important,Very important,,,Very important,Moderately important,Moderately important,Slightly important,Slightly important,Slightly important,Slightly important,Very important,Moderately important,Slightly important,Slightly important,Very important,Moderately important,Slightly important,Moderately important,Very important,Moderately important,Slightly important,Slightly important,Slightly important,Moderately important,Slightly important,Moderately important,Very important,Very important,Very important,Very important,Very important,Moderately important,Moderately important,Very important,,Extremely important,Very important,Very important,Moderately important,Very important,Very important,Moderately important,Slightly important,Very important,,,,
5/8/2025 15:13,5/8/2025 15:20,100,428,TRUE,5/8/2025 15:21,Female,"American Indian or Alaska Native,White",8,"Undergraduate Programs,Graduate Programs","Undergrad Programs 2, 8, 9, 11",,Extremely important,Extremely important,Very important,Very important,Extremely important,Very important,Extremely important,Very important,1,3,4,2,5,6,7,1,3,2,4,Moderately important,Extremely important,Extremely important,Moderately important,Moderately important,Extremely important,Extremely important,Very important,Extremely important,Extremely important,Extremely important,Very important,Extremely important,Very important,Extremely important,Very important,Moderately important,Moderately important,Extremely important,Extremely important,Extremely important,Extremely important,Extremely important,Extremely important,Extremely important,Very important,Extremely important,Very important,Moderately important,Moderately important,,Very important,Extremely important,Extremely important,Very important,Extremely important,Extremely important,Extremely important,Moderately important,Extremely important,Slightly important,Slightly important,Very important,Very important,Very important,Very important,Slightly important,Extremely important,Slightly important,Extremely important,Slightly important,Slightly important,Very important,Very important,Extremely important,Extremely important,Extremely important,Extremely important,Extremely important,Very important,Extremely important,Extremely important,Extremely important,,Moderately important,Extremely important,Moderately important,Moderately important,Extremely important,Extremely important,Very important,Very important,Extremely important,,,,
5/8/2025 15:17,5/8/2025 15:22,100,305,TRUE,5/8/2025 15:22,Male,White,3,Graduate Programs,,Graduate Program 4,Very important,Extremely important,Very important,Extremely important,Extremely important,Moderately Important,Extremely important,Extremely important,1,3,5,2,6,4,7,1,3,2,4,Moderately important,Very important,Very important,Moderately important,Moderately important,Extremely important,Extremely important,Extremely important,Very important,Very important,Very important,Very important,Very important,Very important,Moderately important,Very important,Extremely important,Moderately important,Very important,Slightly important,Slightly important,Very important,Moderately important,Very important,Moderately important,Extremely important,Extremely important,Extremely important,Moderately important,Very important,More engagement with the students ,Extremely important,Very important,Very important,Moderately important,Very important,Very important,Very important,Very important,Very important,Slightly important,Not at all important,Moderately important,Moderately important,Moderately important,Slightly important,Slightly important,Moderately important,Very important,Moderately important,Moderately important,Moderately important,Very important,Very important,Moderately important,Very important,Moderately important,Very important,Extremely important,Very important,Very important,Extremely important,Very important,More peer mentorship ,Very important,,Moderately important,Slightly important,Very important,Very important,Very important,Very important,Very important,No,All is good right now. ,,
5/8/2025 15:15,5/8/2025 15:22,100,431,TRUE,5/8/2025 15:22,Male,White,7,Graduate Programs,,Graduate Program 4,Very important,Very important,Extremely important,Extremely important,Very important,Very important,Extremely important,Extremely important,1,5,2,6,4,3,7,1,3,2,4,Very important,Very important,Very important,Very important,Moderately important,Very important,Very important,Very important,Extremely important,Extremely important,Very important,Very important,Very important,Very important,Very important,Very important,Very important,Moderately important,Very important,Very important,Very important,Very important,Extremely important,Very important,Very important,Extremely important,Extremely important,Very important,Very important,Very important,,Very important,Very important,Moderately important,Moderately important,Moderately important,Extremely important,Extremely important,Very important,Extremely important,Very important,Moderately important,Very important,Extremely important,Very important,Moderately important,Extremely important,Extremely important,Extremely important,Extremely important,Extremely important,Extremely important,Very important,Very important,Very important,Very important,Moderately important,Very important,Moderately important,Moderately important,Very important,Extremely important,Extremely important,,Very important,Very important,Moderately important,Extremely important,Extremely important,Very important,Very important,Very important,Very important,,,,
5/8/2025 15:29,5/8/2025 15:37,100,447,TRUE,5/8/2025 15:37,Male,White,3,Undergraduate Programs,,,Extremely important,Extremely important,Extremely important,Moderately Important,Extremely important,Moderately Important,Extremely important,Extremely important,5,4,1,6,3,2,7,2,1,3,4,Extremely important,Extremely important,Extremely important,Moderately important,Not Important,Not Important,Extremely important,Slightly important,Slightly important,Moderately important,Slightly important,Extremely important,Moderately important,Extremely important,Extremely important,Very important,Very important,Slightly important,Slightly important,Moderately important,Extremely important,Very important,Very important,Moderately important,Very important,Very important,Very important,Very important,Very important,Very important,,Very important,Very important,Moderately important,Slightly important,Very important,Very important,Very important,Slightly important,Extremely important,Extremely important,Slightly important,Very important,Very important,Very important,Very important,Moderately important,Very important,Very important,Very important,Very important,Very important,Very important,Moderately important,Very important,Very important,Very important,Very important,Very important,Very important,Extremely important,Extremely important,Extremely important,,Slightly important,Extremely important,Extremely important,Extremely important,Extremely important,Extremely important,Very important,Very important,Extremely important,,,,
5/8/2025 15:25,5/8/2025 15:37,100,723,TRUE,5/8/2025 15:37,Male,Asian,2,Undergraduate Programs,Undergrad Program 3,,Extremely important,Extremely important,Extremely important,Moderately Important,Extremely important,Very important,Extremely important,Extremely important,6,4,5,7,2,1,3,1,4,3,2,Extremely important,Slightly important,Extremely important,Moderately important,Moderately important,Extremely important,Extremely important,Extremely important,Moderately important,Extremely important,Very important,Very important,Very important,Very important,Extremely important,Moderately important,Slightly important,Slightly important,Moderately important,Moderately important,Very important,Moderately important,Extremely important,Very important,Extremely important,Moderately important,Extremely important,Moderately important,Very important,Very important,It seems to me that promotion and advertising that you get a regular Veritus Imperial University degree and diploma.,Moderately important,Moderately important,Very important,Moderately important,Extremely important,Extremely important,Extremely important,Slightly important,Extremely important,Slightly important,Moderately important,Moderately important,Extremely important,Extremely important,Extremely important,Moderately important,Extremely important,Very important,Moderately important,Moderately important,Moderately important,Extremely important,Not at all important,Extremely important,Very important,Very important,Extremely important,Moderately important,Extremely important,Moderately important,Very important,Moderately important,I seriously don't have a particular suggestion.,Not at all important,Very important,Extremely important,Extremely important,Moderately important,Moderately important,Moderately important,Very important,Moderately important,,You do an excellent job of supporting me.,,
5/8/2025 15:37,5/8/2025 15:45,100,515,TRUE,5/8/2025 15:45,Male,Black or African American,25,Graduate Programs,,Graduate Program 1,Extremely important,Extremely important,Extremely important,Extremely important,Extremely important,Extremely important,Extremely important,Extremely important,1,4,3,2,5,6,7,3,4,2,1,Extremely important,Extremely important,Extremely important,Extremely important,Extremely important,Extremely important,Very important,Extremely important,Extremely important,Extremely important,Extremely important,Extremely important,Extremely important,Extremely important,Extremely important,Very important,Very important,Very important,Very important,Very important,Extremely important,Extremely important,Extremely important,Very important,Very important,Extremely important,Extremely important,Extremely important,Extremely important,Very important,Supporting students from underrepresented groups,Extremely important,Extremely important,Extremely important,Extremely important,Extremely important,Extremely important,Extremely important,Extremely important,Extremely important,Extremely important,Extremely important,Extremely important,Extremely important,Extremely important,Extremely important,Extremely important,Extremely important,Extremely important,Extremely important,Extremely important,Extremely important,Very important,Very important,Very important,Extremely important,Extremely important,Extremely important,Extremely important,Very important,Extremely important,Extremely important,Extremely important,,Extremely important,Extremely important,Extremely important,Extremely important,Extremely important,Extremely important,Extremely important,Extremely important,Extremely important,,Providing more training in emerging technologies and concepts ,,"Once a semester, at least, gathering of all faculty "
5/8/2025 16:00,5/8/2025 16:12,100,706,TRUE,5/8/2025 16:12,Female,White,4,Graduate Programs,,Graduate Program 2,Very important,Very important,Very important,Moderately Important,Moderately Important,Very important,Extremely important,Extremely important,1,3,4,2,5,6,7,1,4,3,2,Moderately important,Very important,Very important,Slightly important,Not Important,Moderately important,Extremely important,Very important,Very important,Very important,Moderately important,Extremely important,Extremely important,Extremely important,Extremely important,Slightly important,Moderately important,Moderately important,Moderately important,Not at all important,,Moderately important,Extremely important,Slightly important,Moderately important,Very important,Very important,Extremely important,Very important,Very important,Ensuring course meet a standard of rigor,Moderately important,Moderately important,Slightly important,Slightly important,Very important,Moderately important,Moderately important,Moderately important,Extremely important,Slightly important,Slightly important,Moderately important,Extremely important,Extremely important,Extremely important,Slightly important,Moderately important,Moderately important,Moderately important,Moderately important,Slightly important,Moderately important,Slightly important,Extremely important,Extremely important,Very important,Very important,Very important,Very important,Very important,Extremely important,Very important,At least one mandatory online session at start of class.  This would eliminate confusion on course expectations. ,Moderately important,Extremely important,Very important,Moderately important,Extremely important,Moderately important,Slightly important,Moderately important,Very important,,Ensuring class design meets rigor expectations,,
5/8/2025 16:12,5/8/2025 16:24,100,703,TRUE,5/8/2025 16:24,Male,Prefer not to say,3,Graduate Programs,,Graduate Program 5,Very important,Extremely important,Moderately Important,Not at all important,Slightly important,Very important,Extremely important,Extremely important,1,5,6,2,4,7,3,1,4,3,2,Moderately important,Extremely important,Not Important,Extremely important,Moderately important,Very important,Very important,Very important,Very important,Very important,Very important,Not at all important,Very important,Not at all important,Slightly important,Extremely important,Very important,Very important,Extremely important,Not at all important,Extremely important,Moderately important,Extremely important,Extremely important,Extremely important,Extremely important,Extremely important,Extremely important,Extremely important,Slightly important,"The leadership courses within the Graduate Program 1 program warrant a thorough review. Currently, there are too many overlapping offerings, and several fail to provide meaningful preparation for students, particularly those without prior leadership experience. As it stands, many courses are perceived more as a means to remain affiliated with a sports team or to fulfill credit requirements, rather than as opportunities for substantive learning that contributes to long-term career development.",Very important,Slightly important,Not at all important,Not at all important,Slightly important,Extremely important,Extremely important,Not at all important,Extremely important,Not at all important,Very important,Slightly important,Slightly important,Slightly important,Slightly important,Slightly important,Slightly important,Slightly important,Very important,Very important,Very important,Very important,Very important,Moderately important,Extremely important,Very important,Very important,Slightly important,Very important,Extremely important,Extremely important,Extremely important,,Not at all important,Moderately important,Moderately important,Not at all important,Extremely important,Extremely important,Very important,Slightly important,Extremely important,,,,
5/8/2025 16:28,5/8/2025 16:37,100,557,TRUE,5/8/2025 16:37,Male,White,3,Undergraduate Programs,Undergrad Program 1,,Extremely important,Extremely important,Very important,Moderately Important,Extremely important,Very important,Very important,Extremely important,1,2,4,3,5,6,7,1,3,2,4,Extremely important,Extremely important,Extremely important,Moderately important,Moderately important,Very important,Extremely important,Very important,Very important,Very important,Moderately important,Extremely important,Extremely important,Extremely important,Extremely important,Very important,Very important,Very important,Very important,Slightly important,Extremely important,Moderately important,Extremely important,Very important,Extremely important,Extremely important,Extremely important,Very important,Very important,Extremely important,,Very important,Very important,Moderately important,Moderately important,Very important,Very important,Very important,Moderately important,Extremely important,Extremely important,Moderately important,Extremely important,Extremely important,Very important,Extremely important,Moderately important,Very important,Extremely important,Extremely important,Extremely important,Extremely important,Very important,Very important,Very important,Very important,Very important,Very important,Moderately important,Very important,Very important,Very important,Very important,,Very important,Very important,Very important,Very important,Extremely important,Extremely important,Very important,Very important,Very important,,Perhaps more opportunity to connect with other faculty,social gatherings,"social gatherings, newsletters"
5/8/2025 16:51,5/8/2025 17:02,100,672,TRUE,5/8/2025 17:02,Male,White,1,Graduate Programs,,Graduate Program 4,Moderately Important,Very important,Very important,Very important,Very important,Very important,Very important,Very important,1,7,2,6,3,5,4,3,2,1,4,Moderately important,Moderately important,Very important,Very important,Slightly important,Moderately important,Slightly important,Very important,Very important,Very important,Very important,Moderately important,Moderately important,Moderately important,Moderately important,Moderately important,Moderately important,Very important,Very important,Slightly important,Very important,Moderately important,Moderately important,Moderately important,Very important,Very important,Very important,Very important,Very important,Very important,having certain classes cross over with each other during a semester. for example a final project that combines materials from two different classes that focuses on solutions to an issue facing the industry,Moderately important,Very important,Moderately important,Moderately important,Very important,Moderately important,Very important,Moderately important,Very important,Very important,Moderately important,Moderately important,Very important,Very important,Moderately important,Very important,Very important,Very important,Very important,Very important,Very important,Very important,Very important,Very important,Very important,Very important,Very important,Very important,Very important,Very important,Very important,Very important,"not sure if this is being done, but consider subsidizing participation in certain athletic events (e.g. adult softball, Veritus Imperial University intramural sports, paying for club sport fees on campus, etc.)",Very important,Very important,Very important,Moderately important,Very important,Very important,Very important,Very important,Very important,,,,
5/8/2025 17:45,5/8/2025 18:00,100,883,TRUE,5/8/2025 18:00,Female,White,3,Graduate Programs,,Graduate Program 1,Very important,Very important,Very important,Very important,Very important,Very important,Very important,Very important,1,2,3,4,5,6,7,1,2,3,4,Moderately important,Slightly important,Very important,Slightly important,Moderately important,Slightly important,Extremely important,Moderately important,Moderately important,Moderately important,Very important,Very important,Moderately important,Very important,Very important,Moderately important,Moderately important,Moderately important,Moderately important,Moderately important,Moderately important,Moderately important,Moderately important,Moderately important,Moderately important,Very important,Very important,Very important,Very important,Very important,,Moderately important,Moderately important,Moderately important,Moderately important,Moderately important,Moderately important,Moderately important,Very important,Very important,Very important,Moderately important,Very important,Moderately important,Very important,Very important,Moderately important,Very important,Moderately important,Moderately important,Moderately important,Moderately important,Moderately important,Moderately important,Moderately important,Moderately important,Moderately important,Moderately important,Moderately important,Moderately important,Moderately important,Moderately important,Moderately important,Better communication with Athletic tutors.,Very important,Very important,Very important,Very important,Very important,Very important,Very important,Very important,Very important,Continue to be grounded in religious ideals.,Stipend for the purchase of books used in my classes? Laptop stipend? Stipend for course design?,Occasional Zooms for remote faculty.,Better branding of the college??
5/8/2025 18:50,5/8/2025 18:58,100,503,TRUE,5/8/2025 18:58,Female,White,4,Undergraduate Programs,,,Slightly important,Moderately Important,Extremely important,Extremely important,Extremely important,Moderately Important,Extremely important,Moderately Important,4,5,1,6,3,2,7,3,1,2,4,Very important,Very important,Moderately important,Extremely important,Slightly important,Moderately important,Slightly important,Very important,Very important,Very important,Moderately important,Very important,Slightly important,Moderately important,Very important,Slightly important,Very important,Very important,Moderately important,Slightly important,Moderately important,Moderately important,Moderately important,Moderately important,Very important,Very important,Extremely important,Very important,Very important,Extremely important,in person advising opportunities ,Very important,Very important,Very important,Very important,Very important,Very important,Moderately important,Moderately important,Very important,Very important,Moderately important,Very important,Very important,Very important,Very important,Very important,Very important,Very important,Moderately important,Moderately important,Moderately important,Extremely important,Extremely important,Extremely important,Very important,Very important,Very important,Very important,Very important,Very important,Very important,Moderately important,,Extremely important,Moderately important,Extremely important,Very important,Very important,Moderately important,Very important,Very important,Very important,,,,
5/8/2025 18:56,5/8/2025 19:03,100,424,TRUE,5/8/2025 19:03,Female,Black or African American,5,Undergraduate Programs,Undergrad Program 4,,Extremely important,Very important,Very important,Very important,Very important,Moderately Important,Very important,Extremely important,6,4,3,5,1,2,7,4,1,2,3,Moderately important,Very important,Extremely important,Moderately important,Very important,Moderately important,Extremely important,Very important,Very important,Very important,Extremely important,Very important,Moderately important,Very important,Extremely important,Moderately important,Very important,Moderately important,,Slightly important,Very important,Very important,Very important,Very important,Very important,Very important,Very important,Very important,Very important,Very important,,Slightly important,Slightly important,Slightly important,Moderately important,Moderately important,Extremely important,Extremely important,Moderately important,Very important,Extremely important,Slightly important,Very important,Extremely important,Extremely important,Extremely important,Slightly important,Moderately important,Moderately important,Very important,Slightly important,Moderately important,Very important,Moderately important,Very important,Very important,Very important,Moderately important,Very important,Slightly important,Extremely important,Very important,Very important,,Very important,Very important,Very important,Very important,Very important,Moderately important,Moderately important,Very important,Moderately important,,,,
5/8/2025 15:02,5/8/2025 15:04,36,115,FALSE,5/8/2025 19:04,Male,White,4,Undergraduate Programs,,,Very important,Extremely important,Extremely important,Extremely important,Extremely important,Extremely important,Extremely important,Extremely important,3,4,2,5,1,6,7,,,,,,,,,,,,,,,,,,,,,,,,,,,,,,,,,,,,,,,,,,,,,,,,,,,,,,,,,,,,,,,,,,,,,,,,,,,,,,,,,
5/8/2025 15:07,5/8/2025 15:13,36,339,FALSE,5/8/2025 19:13,Male,White,7,Undergraduate Programs,Undergrad Program 5,,Very important,Very important,Extremely important,Extremely important,Extremely important,Very important,Extremely important,Moderately Important,,,,,,,,2,1,3,4,,,,,,,,,,,,,,,,,,,,,,,,,,,,,,,,,,,,,,,,,,,,,,,,,,,,,,,,,,,,,,,,,,,,,,,,,,,,,
5/8/2025 19:28,5/8/2025 19:48,100,1216,TRUE,5/8/2025 19:48,Male,White,3,Graduate Programs,,Graduate Program 2,Extremely important,Extremely important,Very important,Very important,Extremely important,Very important,Extremely important,Extremely important,1,2,5,3,6,4,7,2,1,3,4,Moderately important,Extremely important,Extremely important,Very important,Moderately important,Very important,Moderately important,Extremely important,Moderately important,Very important,Moderately important,Extremely important,Very important,Extremely important,Extremely important,Moderately important,Very important,Very important,Extremely important,Moderately important,Extremely important,Moderately important,Extremely important,Extremely important,Extremely important,Extremely important,Extremely important,Extremely important,Extremely important,Extremely important,,Very important,Very important,Moderately important,Very important,Extremely important,Extremely important,Extremely important,Moderately important,Very important,Very important,Moderately important,Extremely important,Extremely important,Extremely important,Extremely important,Very important,Extremely important,Extremely important,Moderately important,Very important,Very important,Extremely important,Very important,Extremely important,Extremely important,Extremely important,Extremely important,Extremely important,Extremely important,Extremely important,Extremely important,Extremely important,,Very important,Very important,Extremely important,Very important,Extremely important,Moderately important,Very important,Extremely important,Extremely important,,Director 1 is breathing new life into the Graduate Program 2 program. She is a great add to the College.,Possibly more faculty meetings with more opportunities for sharing ideas and teaching methods. ,
5/8/2025 18:18,5/8/2025 20:02,100,6234,TRUE,5/8/2025 20:02,,Prefer not to say,19,Undergraduate Programs,Undergrad Program 6,,Moderately Important,Moderately Important,Moderately Important,Moderately Important,Moderately Important,Slightly important,Very important,Moderately Important,3,4,1,2,6,7,5,2,3,4,1,Very important,Slightly important,Slightly important,Extremely important,Moderately important,Slightly important,Slightly important,Moderately important,Moderately important,Moderately important,Moderately important,Not at all important,Not at all important,Moderately important,Very important,Moderately important,Moderately important,Moderately important,Moderately important,Moderately important,Moderately important,Moderately important,Moderately important,Slightly important,Slightly important,Extremely important,Moderately important,Moderately important,Slightly important,Slightly important,"More in person courses, including during summertime. This is a strength of Augustin College that it should not give up to too many online courses. ",Very important,Moderately important,Very important,Moderately important,Moderately important,Moderately important,Slightly important,Moderately important,Very important,Very important,Moderately important,Moderately important,Very important,Very important,Very important,Very important,Extremely important,Moderately important,Very important,Very important,Moderately important,Moderately important,Moderately important,Moderately important,Very important,Moderately important,Very important,Moderately important,Moderately important,Very important,Very important,Moderately important,,Very important,Very important,Very important,Not at all important,Moderately important,Very important,Very important,Moderately important,Moderately important,,Some aid in proctoring exams which need to be taken out of sequence with the class. ,Social gatherings this year have been good. Perhaps a few more opportunities to meet and chat about life at Augustin College. ,
5/8/2025 20:01,5/8/2025 20:14,100,771,TRUE,5/8/2025 20:14,Male,White,1,Graduate Programs,,Graduate Program 4,Very important,Very important,Moderately Important,Very important,Moderately Important,Slightly important,Extremely important,Extremely important,1,4,6,2,3,5,7,2,3,1,4,Moderately important,Very important,Extremely important,Moderately important,Moderately important,Slightly important,Slightly important,Very important,Very important,Extremely important,Slightly important,Very important,Moderately important,Moderately important,Moderately important,Moderately important,Slightly important,Moderately important,Slightly important,Very important,Extremely important,Slightly important,Very important,Not at all important,Very important,Very important,Very important,Moderately important,Moderately important,Very important,,Slightly important,Very important,Slightly important,Slightly important,Moderately important,Very important,Very important,Slightly important,Very important,Very important,Very important,Moderately important,Very important,Very important,Very important,Very important,Very important,Very important,Very important,Very important,Moderately important,Moderately important,Very important,Very important,Extremely important,Extremely important,Extremely important,Extremely important,Extremely important,Extremely important,Extremely important,Extremely important,,Moderately important,Very important,Extremely important,Moderately important,Extremely important,Extremely important,Very important,Moderately important,Very important,,,,
5/8/2025 16:17,5/8/2025 16:18,24,54,FALSE,5/8/2025 20:18,,,,,,,,,,,,,,,,,,,,,,,,,,,,,,,,,,,,,,,,,,,,,,,,,,,,,,,,,,,,,,,,,,,,,,,,,,,,,,,,,,,,,,,,,,,,,,,,,,,,,,
5/8/2025 21:35,5/8/2025 21:48,100,818,TRUE,5/8/2025 21:48,Male,White,5,Undergraduate Programs,,,Very important,Very important,Very important,Extremely important,,Very important,Extremely important,Extremely important,2,1,6,3,4,5,7,2,1,4,3,Very important,,Very important,Moderately important,,Moderately important,Moderately important,Moderately important,Slightly important,Very important,Slightly important,Moderately important,Moderately important,Very important,Very important,Moderately important,Very important,Very important,Moderately important,,Very important,Moderately important,Very important,,Extremely important,Very important,Extremely important,Very important,Very important,Extremely important,FT faculty,Very important,Very important,,Slightly important,Very important,Very important,Moderately important,Moderately important,Very important,Extremely important,,Very important,Extremely important,Very important,Extremely important,Moderately important,Extremely important,Very important,,,,Moderately important,Moderately important,Extremely important,Very important,Very important,Extremely important,Very important,Very important,Very important,Moderately important,Very important,,Very important,Moderately important,Very important,Very important,Very important,Extremely important,Very important,Extremely important,Very important,,"Maybe a yearly check-in with faculty support. It's hard to tune up the class when it runs every semester, and so having another set of eyes could help.","As  online faculty with a FT job elsewhere, this is especially challenging, so I'm not sure what to suggest. I do know that on-campus events and even online events that take place during my work hours are usually impossible for me to attend. ",
5/8/2025 22:20,5/8/2025 22:35,100,882,TRUE,5/8/2025 22:35,Male,White,28,Undergraduate Programs,Undergrad Program 6,,Extremely important,Very important,Very important,Extremely important,Extremely important,Very important,Very important,Moderately Important,4,3,5,6,1,2,7,2,1,4,3,Very important,Very important,Moderately important,Very important,Slightly important,Moderately important,Extremely important,Very important,Moderately important,Moderately important,Slightly important,Very important,Moderately important,Extremely important,Extremely important,Moderately important,Very important,Very important,Very important,Slightly important,Moderately important,Moderately important,Very important,Slightly important,Extremely important,Extremely important,Extremely important,Very important,Extremely important,Extremely important,"More opportuntities for faculty mentoring of undergraduate students, especially in online courses.",Extremely important,Extremely important,Very important,Very important,Extremely important,Extremely important,Extremely important,Very important,Extremely important,Extremely important,Moderately important,Extremely important,Very important,Very important,Extremely important,Moderately important,Extremely important,Extremely important,Very important,Moderately important,Very important,Extremely important,Very important,Extremely important,Extremely important,Extremely important,Extremely important,Extremely important,Extremely important,Extremely important,Very important,Extremely important,"Develop students' basic skills and soft skills for networking, presenting, etc. ",Extremely important,Extremely important,Extremely important,Very important,Moderately important,Extremely important,Very important,Very important,Very important,"Lifelong skills, broad cultural capital, civic responsibility",Provide opportunities to exchange ideas with others teaching in my discipline.,Continue to offer the frequent opportunities to gather recently introduced.,"Maybe a more interactive website in addition to the formal sites: one that invites feedback, interaction, engagement."
5/9/2025 2:00,5/9/2025 2:01,24,49,FALSE,5/9/2025 6:01,Male,White,11,Undergraduate Programs,Undergrad Program 7,,,,,,,,,,,,,,,,,,,,,,,,,,,,,,,,,,,,,,,,,,,,,,,,,,,,,,,,,,,,,,,,,,,,,,,,,,,,,,,,,,,,,,,,,,,,,,,,,
5/9/2025 7:23,5/9/2025 7:27,100,242,TRUE,5/9/2025 7:27,Male,White,2,Graduate Programs,,Graduate Program 4,Moderately Important,Extremely important,Extremely important,Moderately Important,Moderately Important,Moderately Important,Very important,Very important,1,4,6,7,3,2,5,1,4,2,3,Very important,Very important,Very important,Moderately important,Moderately important,Moderately important,Moderately important,Moderately important,Very important,Very important,Slightly important,Very important,Moderately important,Very important,Very important,Moderately important,Moderately important,Moderately important,Moderately important,Moderately important,Extremely important,Moderately important,Very important,Very important,Slightly important,Very important,Very important,Moderately important,Moderately important,Moderately important,,Moderately important,Moderately important,Moderately important,Moderately important,Very important,Very important,Moderately important,Moderately important,Extremely important,Very important,Moderately important,Slightly important,Moderately important,Moderately important,Moderately important,Very important,Slightly important,Moderately important,Moderately important,Moderately important,Moderately important,Very important,Moderately important,Very important,Extremely important,Very important,Very important,Moderately important,Moderately important,Very important,Very important,Slightly important,,Very important,Moderately important,Moderately important,Moderately important,Moderately important,Slightly important,Moderately important,Moderately important,Slightly important,,,,
5/9/2025 7:25,5/9/2025 7:44,100,1122,TRUE,5/9/2025 7:44,Male,White,10,Graduate Programs,,"Graduate Program 5,Graduate Program 3",Extremely important,Extremely important,Moderately Important,Extremely important,Extremely important,Very important,Extremely important,Extremely important,1,3,4,7,5,6,2,1,3,4,2,Extremely important,Extremely important,Extremely important,Extremely important,Slightly important,Extremely important,Extremely important,Extremely important,Moderately important,Extremely important,Extremely important,Extremely important,Extremely important,Extremely important,Extremely important,Extremely important,Slightly important,Extremely important,Extremely important,Not at all important,Extremely important,Extremely important,Extremely important,Extremely important,Extremely important,Extremely important,Extremely important,Extremely important,Extremely important,Extremely important,"More engagement between faculty and students for applied, industry-relevant research",Extremely important,Very important,Slightly important,Extremely important,Moderately important,Extremely important,Extremely important,Extremely important,Moderately important,Extremely important,Slightly important,Moderately important,Extremely important,Moderately important,Extremely important,Slightly important,Slightly important,Slightly important,Slightly important,Slightly important,Extremely important,Moderately important,Slightly important,Very important,Extremely important,Extremely important,Extremely important,Extremely important,Extremely important,Moderately important,Extremely important,Extremely important,Increased # of Augustin College events for students (grad separated from undergrad events),Extremely important,Extremely important,Extremely important,Moderately important,Extremely important,Extremely important,Extremely important,Extremely important,Extremely important,Return on investment,,"Fewer adjuncts, more full-time faculty","Fewer adjuncts, more full-time faculty"
5/9/2025 7:46,5/9/2025 8:16,100,1745,TRUE,5/9/2025 8:16,Female,White,10,Graduate Programs,,"Graduate Program 2, Graduate Program 1",,,,,,,,,1,3,6,2,4,7,5,1,4,3,2,Very important,,Moderately important,Very important,Slightly important,Very important,Very important,Very important,Very important,Moderately important,Not at all important,Moderately important,Moderately important,Moderately important,Moderately important,Moderately important,Slightly important,Moderately important,Moderately important,Moderately important,Extremely important,Moderately important,Moderately important,Extremely important,Extremely important,Extremely important,Very important,Extremely important,Very important,Very important,Work with CDIL to 1)educate Augustin College faculty on the power of custom built AI assistants  2) encourage/help faculty (especially the ones teaching asynch online courses) to biuld/train their own assistants,Moderately important,Moderately important,Moderately important,Moderately important,Very important,Very important,Extremely important,,,,,,,Very important,,,,,,,,Slightly important,Slightly important,Extremely important,Very important,Very important,Moderately important,Moderately important,Moderately important,Extremely important,Very important,Extremely important,,Extremely important,Slightly important,Very important,Slightly important,Extremely important,Moderately important,Very important,Extremely important,Extremely important,,"Grant faculty within each program greater autonomy in determining the most effective ways to structure assignments and leverage technology in their teaching. While providing blueprints/templates for modules/assignments can help streamline the student experience across different courses, a blanket approach can ultimately lead to a less effective and inferior learning experience.",,
5/9/2025 9:32,5/9/2025 9:42,100,575,TRUE,5/9/2025 9:42,Female,Hispanic or Latino,3,Graduate Programs,,Graduate Program 4,Extremely important,Extremely important,Extremely important,Extremely important,Extremely important,Extremely important,Extremely important,Extremely important,1,2,7,3,4,5,6,1,4,2,3,Extremely important,Extremely important,Extremely important,Extremely important,Moderately important,Moderately important,Extremely important,Moderately important,Moderately important,Extremely important,Extremely important,Extremely important,Extremely important,Extremely important,Extremely important,Moderately important,Moderately important,Moderately important,Very important,Extremely important,Extremely important,Extremely important,Extremely important,Extremely important,Extremely important,Extremely important,Extremely important,Extremely important,Moderately important,Extremely important,"nothing, I love being part of Augustin College. I've worked at several institutions, and this is the only college with faculty support to become better educators. the IT staff is extremely knowledgable, and our director in Graduate Program 4 really sets the bar high for us as faculty. She's a great leader. ",Moderately important,Very important,Moderately important,Very important,Very important,Very important,Very important,,Extremely important,,Very important,Extremely important,Extremely important,Extremely important,Extremely important,,Extremely important,Extremely important,Extremely important,Extremely important,Extremely important,Extremely important,Extremely important,Extremely important,Very important,Very important,Very important,Very important,Very important,Extremely important,Extremely important,Extremely important,,,Extremely important,Extremely important,Extremely important,Very important,Very important,Very important,Very important,Very important,,,,it's great truly!
5/9/2025 9:48,5/9/2025 9:55,100,433,TRUE,5/9/2025 9:55,Male,Prefer not to say,1,Undergraduate Programs,Undergrad Program 2,,Moderately Important,Very important,Very important,Extremely important,Very important,Moderately Important,Very important,Very important,1,3,4,6,5,2,7,1,2,3,4,Very important,Very important,Moderately important,Very important,Moderately important,Slightly important,Not Important,Extremely important,Moderately important,Very important,Not at all important,Moderately important,Not at all important,Moderately important,Moderately important,Moderately important,Slightly important,Slightly important,Slightly important,Very important,Very important,Moderately important,Very important,Extremely important,Moderately important,Very important,Moderately important,Moderately important,Moderately important,Moderately important,More in-person classes,Moderately important,Moderately important,Moderately important,Moderately important,Moderately important,Moderately important,Extremely important,Moderately important,Extremely important,Very important,Slightly important,Moderately important,Very important,Moderately important,Moderately important,Slightly important,Moderately important,Moderately important,Moderately important,Moderately important,Slightly important,Moderately important,Slightly important,Very important,Extremely important,Very important,Extremely important,Very important,Very important,Very important,Extremely important,Extremely important,Greater focus on providing technical/online skills so that students will be better credentialed for future employment,Extremely important,Very important,Extremely important,Very important,Extremely important,Extremely important,Moderately important,Moderately important,Extremely important,,,,
5/9/2025 11:03,5/9/2025 11:09,100,348,TRUE,5/9/2025 11:09,Female,"Hispanic or Latino,White",1,Graduate Programs,,Graduate Program 1,Moderately Important,Very important,Very important,Very important,Extremely important,Moderately Important,Extremely important,Extremely important,1,3,7,2,5,4,6,1,3,2,4,Extremely important,Extremely important,Extremely important,Extremely important,Moderately important,Very important,Slightly important,Moderately important,Very important,Very important,Very important,Extremely important,Very important,Very important,Extremely important,Extremely important,Very important,Very important,Extremely important,Moderately important,Extremely important,Moderately important,Extremely important,Moderately important,Extremely important,Extremely important,Extremely important,Extremely important,Extremely important,Extremely important,,Very important,Moderately important,Moderately important,Moderately important,Very important,Extremely important,Extremely important,Moderately important,Extremely important,Moderately important,Moderately important,Very important,Very important,Very important,Extremely important,Moderately important,Moderately important,Very important,Very important,Very important,Very important,Extremely important,Very important,Extremely important,Extremely important,Very important,Very important,Extremely important,Extremely important,Extremely important,Very important,Extremely important,,Very important,Very important,Extremely important,Very important,Extremely important,Extremely important,Extremely important,Very important,Extremely important,,,,
5/9/2025 10:39,5/9/2025 11:11,100,1921,TRUE,5/9/2025 11:11,Non-binary / Third gender,White,4,Graduate Programs,,Graduate Program 4,Very important,Extremely important,Very important,Extremely important,Extremely important,Moderately Important,Extremely important,Extremely important,3,6,7,5,1,2,4,3,4,1,2,Extremely important,Extremely important,Very important,Very important,Slightly important,Extremely important,Extremely important,Extremely important,Very important,Extremely important,Slightly important,Very important,Very important,Extremely important,Extremely important,Extremely important,Moderately important,Moderately important,Very important,Very important,Extremely important,Moderately important,Extremely important,Very important,Very important,Extremely important,Extremely important,Extremely important,Extremely important,Extremely important,,Extremely important,Very important,Very important,Very important,Extremely important,Very important,Extremely important,Moderately important,Extremely important,Extremely important,Moderately important,Extremely important,Extremely important,Extremely important,Extremely important,Extremely important,Extremely important,Extremely important,,Extremely important,Extremely important,Very important,Extremely important,Very important,Extremely important,Extremely important,Extremely important,Extremely important,Extremely important,Extremely important,Extremely important,Very important,,Extremely important,Extremely important,Extremely important,Extremely important,Extremely important,Very important,Extremely important,Extremely important,Extremely important,,My program director is a good support system & always helpful but she has alot on her plate,I would like to see more faculty trainings on a Saturday or in the evening - even a weekend faculty retreat,The program I teach in has one full-time program director who is over worked - she needs help because she cannot manage everything even though she tries really hard. 
5/9/2025 11:38,5/9/2025 11:47,100,538,TRUE,5/9/2025 11:47,Male,White,7,"Undergraduate Programs,Graduate Programs","Undergrad Programs 1, 2, 8",Graduate Program 1,Extremely important,Extremely important,Very important,Extremely important,Extremely important,Very important,Extremely important,Extremely important,1,4,2,5,3,6,7,1,2,4,3,Very important,Very important,Extremely important,Very important,Not Important,Extremely important,Extremely important,Extremely important,Very important,Extremely important,Extremely important,Extremely important,Very important,Moderately important,Extremely important,Extremely important,Very important,Very important,Extremely important,Moderately important,Extremely important,Extremely important,Extremely important,Very important,Extremely important,Extremely important,Extremely important,Extremely important,Extremely important,Extremely important,,Very important,Very important,Moderately important,Very important,Extremely important,Extremely important,Very important,Very important,Extremely important,Very important,Slightly important,Extremely important,Extremely important,Extremely important,Extremely important,Slightly important,Extremely important,Extremely important,Very important,Very important,Very important,Very important,Very important,Very important,Extremely important,Extremely important,Extremely important,Extremely important,Extremely important,Extremely important,Extremely important,Extremely important,,Extremely important,Very important,Extremely important,Extremely important,Extremely important,Extremely important,Extremely important,Extremely important,Extremely important,,,,
5/9/2025 12:15,5/9/2025 12:28,100,826,TRUE,5/9/2025 12:28,Male,White,4,Graduate Programs,,Graduate Program 1,Extremely important,Extremely important,Very important,Very important,Extremely important,Moderately Important,Very important,Extremely important,1,2,7,3,4,5,6,,,,,Very important,Moderately important,Extremely important,Very important,Moderately important,Extremely important,Very important,Very important,Moderately important,Very important,Moderately important,Very important,Very important,Very important,Very important,Very important,Moderately important,Moderately important,Moderately important,Slightly important,Extremely important,Moderately important,Extremely important,Moderately important,Extremely important,Very important,Very important,Very important,Very important,Extremely important,"My experience is with graduate students who typically are employed and are looking to advance in their careers. The development of peer cohorts or networks so they can support each other would be very beneficial. In addition, communication and networking amongst faulty to enhance the student learning experience as opposed to attending disconnected courses would. be helpful. ",Very important,Moderately important,Moderately important,Slightly important,Very important,Very important,Very important,Moderately important,Extremely important,Very important,Moderately important,Very important,Very important,Very important,Very important,Very important,Very important,Very important,Very important,Very important,Very important,Very important,Very important,Extremely important,Extremely important,Extremely important,Extremely important,Very important,Very important,Very important,Extremely important,Extremely important,,Very important,Extremely important,Very important,Very important,Extremely important,Extremely important,Very important,Very important,Extremely important,,"Faculty is not connected nor aligned. Periodic meetings, networking events, collaboration opportunities would be welcomed. For example, A series of AI workshops for curriculum development, classroom management, student evaluation, etc. would be very useful. ",See previous comments,
5/9/2025 12:36,5/9/2025 12:43,100,450,TRUE,5/9/2025 12:43,Non-binary / Third gender,White,3,Undergraduate Programs,Undergrad Program 3,,Very important,Very important,Very important,Moderately Important,Slightly important,Slightly important,Slightly important,Slightly important,6,3,2,7,4,1,5,3,1,4,2,Moderately important,Moderately important,Slightly important,Moderately important,Slightly important,Moderately important,Moderately important,Very important,Slightly important,Very important,Slightly important,Extremely important,Extremely important,Extremely important,Extremely important,Slightly important,Slightly important,Slightly important,Moderately important,Moderately important,Moderately important,Slightly important,Very important,Extremely important,Moderately important,Very important,Moderately important,Moderately important,Very important,Very important,,Moderately important,Moderately important,Moderately important,Moderately important,Moderately important,Moderately important,Moderately important,Moderately important,Moderately important,Moderately important,Slightly important,Very important,Very important,Very important,Moderately important,Moderately important,Moderately important,Moderately important,Moderately important,Moderately important,Moderately important,Moderately important,Moderately important,Moderately important,Very important,Moderately important,Moderately important,Very important,Very important,Moderately important,Moderately important,Moderately important,,Slightly important,Very important,Moderately important,Extremely important,Very important,Moderately important,Slightly important,Moderately important,Moderately important,,,,
5/9/2025 9:10,5/9/2025 9:12,24,67,FALSE,5/9/2025 13:12,Female,White,8,Graduate Programs,,Graduate Program 1,,,,,,,,,,,,,,,,,,,,,,,,,,,,,,,,,,,,,,,,,,,,,,,,,,,,,,,,,,,,,,,,,,,,,,,,,,,,,,,,,,,,,,,,,,,,,,,,
5/9/2025 13:28,5/9/2025 13:42,100,874,TRUE,5/9/2025 13:42,Female,White,1,Graduate Programs,,Graduate Program 1,Very important,Extremely important,Very important,Moderately Important,Very important,Very important,Very important,Very important,1,6,7,2,4,3,5,1,4,2,3,Very important,Extremely important,Extremely important,Very important,Very important,Very important,Very important,Very important,Very important,Very important,Very important,Extremely important,Very important,Very important,Very important,Very important,Very important,Very important,Very important,Moderately important,Very important,Very important,Very important,Very important,Extremely important,Extremely important,Very important,Extremely important,Very important,Very important,collaboration with corporate or non-profit organizations on projects,Moderately important,Very important,Moderately important,Moderately important,Extremely important,Extremely important,Extremely important,Not at all important,Very important,Moderately important,Slightly important,Very important,Very important,Extremely important,Extremely important,Very important,Very important,Very important,Very important,Very important,Very important,Very important,Very important,Extremely important,Extremely important,Extremely important,Extremely important,Extremely important,Extremely important,Extremely important,Extremely important,Extremely important,increased mentorship/career development opportunities,Moderately important,Very important,Very important,Very important,Extremely important,Very important,Very important,Extremely important,Extremely important,,"simplify the course development process; provide a resource guide (who to call for what question); provide a list of resources available for classroom teaching i.e., owls or other AV equipment to help bring in online speakers. More opportunities for faculty to share best practices. ","create an online or in-person mechanism to share best practices; more support for first-year faculty (e.g., a buddy system). ",faculty/student socials that are program-based 
5/9/2025 15:48,5/9/2025 15:57,100,564,TRUE,5/9/2025 15:57,Male,White,7,Graduate Programs,,"Graduate Program 5,Graduate Program 3",Extremely important,Extremely important,Very important,Very important,Very important,Very important,Very important,Very important,1,3,4,2,6,5,7,1,4,2,3,Very important,Very important,Moderately important,Very important,Moderately important,Very important,Very important,Very important,Very important,Moderately important,Moderately important,Very important,Very important,Very important,Very important,Moderately important,Very important,Very important,Very important,Slightly important,Very important,Moderately important,Extremely important,Very important,Very important,Very important,Very important,Very important,Very important,Very important,,Moderately important,Moderately important,Moderately important,Moderately important,Very important,Very important,Very important,Moderately important,Very important,Very important,Moderately important,Moderately important,Very important,Extremely important,Very important,Very important,Very important,Very important,Very important,Very important,Very important,Very important,Very important,Moderately important,Very important,Very important,Moderately important,Moderately important,Moderately important,Very important,Very important,Moderately important,,Very important,Very important,Very important,Very important,Very important,Very important,Very important,Very important,Very important,,,,
5/9/2025 23:22,5/9/2025 23:36,100,838,TRUE,5/9/2025 23:36,Male,White,8,Undergraduate Programs,Undergrad Program 9,,Very important,Very important,Very important,Moderately Important,Very important,Very important,Moderately Important,Slightly important,5,1,2,6,3,4,7,1,3,4,2,Extremely important,Very important,Moderately important,Extremely important,Slightly important,Extremely important,Not Important,Very important,Very important,Very important,Very important,Extremely important,Very important,Extremely important,Very important,Moderately important,Moderately important,Moderately important,Slightly important,Not at all important,Moderately important,Very important,Very important,Very important,Very important,Extremely important,Very important,Moderately important,Extremely important,Extremely important,reduce the number of online asynchronous classes,Extremely important,Moderately important,Slightly important,Moderately important,Slightly important,Very important,Very important,Moderately important,Extremely important,Extremely important,Slightly important,Very important,Very important,Moderately important,Extremely important,Not at all important,Moderately important,Moderately important,Slightly important,Very important,Slightly important,Moderately important,Very important,Very important,Very important,Very important,Very important,Slightly important,Moderately important,Moderately important,Moderately important,Moderately important,,Extremely important,Very important,Very important,Very important,Moderately important,Extremely important,Extremely important,Moderately important,Moderately important,,More timely/targeted communication from Augustin College,,
5/10/2025 9:43,5/10/2025 9:56,100,755,TRUE,5/10/2025 9:56,Female,White,3,Undergraduate Programs,Undergrad Program 9,,Extremely important,Very important,Extremely important,Very important,Very important,Very important,Extremely important,Very important,4,5,6,7,2,1,3,1,2,3,4,Extremely important,Moderately important,Very important,Moderately important,Extremely important,Extremely important,Extremely important,Extremely important,Very important,Moderately important,Slightly important,Extremely important,Slightly important,Very important,Very important,Very important,Very important,Moderately important,Very important,Very important,Very important,Moderately important,Moderately important,Very important,Very important,Very important,Extremely important,Extremely important,Extremely important,Extremely important,"Ensuring that the range of students' skills in particular courses are more aligned.  Larger classes that have students who range from highly skilled in writing, studying, etc. to less skilled makes it difficult to provide the kinds of assistance they need as they progress through a course. ",Moderately important,Moderately important,Very important,Moderately important,Moderately important,Very important,Very important,Slightly important,Very important,Extremely important,Slightly important,Extremely important,Slightly important,Extremely important,Extremely important,Extremely important,Extremely important,Extremely important,Extremely important,Extremely important,Extremely important,Very important,Extremely important,Moderately important,Very important,Very important,Very important,Very important,Extremely important,Very important,Very important,Very important,entry level way of assessing students' learning skills,Very important,Very important,Extremely important,Extremely important,Extremely important,Moderately important,Extremely important,Extremely important,Moderately important,not at this time,"more focus on following students who need additional support with learning, yet are not needing accommodations.  ",No ideas at this time,No new ideas at this time
5/10/2025 13:30,5/10/2025 13:32,24,155,FALSE,5/10/2025 17:32,Female,White,4,Undergraduate Programs,"Undergrad Programs 7, 11",,,,,,,,,,,,,,,,,,,,,,,,,,,,,,,,,,,,,,,,,,,,,,,,,,,,,,,,,,,,,,,,,,,,,,,,,,,,,,,,,,,,,,,,,,,,,,,,,
5/11/2025 9:58,5/11/2025 10:06,100,516,TRUE,5/11/2025 10:06,Female,White,5,Undergraduate Programs,Undergrad Program 10,,Very important,Very important,Extremely important,Moderately Important,Very important,Very important,Very important,Extremely important,4,1,6,5,2,3,7,,,,,Very important,Moderately important,Extremely important,Very important,Slightly important,Not Important,Very important,Very important,Very important,Very important,Not at all important,Very important,Very important,Very important,Very important,Moderately important,Very important,Very important,Very important,Slightly important,Very important,Moderately important,Very important,Moderately important,Slightly important,Very important,Very important,Very important,Very important,Very important,,Moderately important,Very important,Moderately important,Very important,Moderately important,Very important,Very important,Not at all important,Very important,Very important,Moderately important,Very important,Very important,Very important,Very important,Moderately important,Moderately important,Very important,Slightly important,Slightly important,Very important,Very important,Very important,Very important,Very important,Very important,Very important,Very important,Very important,Very important,Moderately important,Very important,,Very important,Very important,Very important,Very important,Very important,Very important,Very important,Very important,Very important,,,,
5/11/2025 13:59,5/11/2025 14:11,100,720,TRUE,5/11/2025 14:11,Male,White,1,Graduate Programs,,Graduate Program 1,Extremely important,Extremely important,Extremely important,Extremely important,Extremely important,Extremely important,Extremely important,Extremely important,1,2,3,4,5,6,7,1,2,3,4,Extremely important,Very important,Extremely important,Extremely important,Not Important,Slightly important,Very important,Very important,Very important,Very important,Very important,Extremely important,Extremely important,Extremely important,Extremely important,Very important,Moderately important,Moderately important,Extremely important,Moderately important,Extremely important,Moderately important,Extremely important,Very important,Extremely important,Very important,Extremely important,Extremely important,Extremely important,Extremely important,More cross-faculty collaboration in course lectures (e.g. faculty could be guest speakers in each other's classes for related topics),Extremely important,Extremely important,Very important,Extremely important,Very important,Extremely important,Extremely important,Very important,Very important,Very important,Very important,Very important,Very important,Very important,Very important,Extremely important,Very important,Very important,Very important,Very important,Very important,Very important,Very important,Extremely important,Extremely important,Extremely important,Extremely important,Extremely important,Extremely important,Extremely important,Extremely important,Extremely important,,Extremely important,Extremely important,Extremely important,Extremely important,Extremely important,Extremely important,Extremely important,Extremely important,Extremely important,,,,
5/11/2025 16:34,5/11/2025 16:41,100,430,TRUE,5/11/2025 16:41,Male,White,12,Undergraduate Programs,Undergrad Program 7,,Very important,Moderately Important,Extremely important,Extremely important,Extremely important,Moderately Important,Extremely important,Extremely important,2,1,4,5,3,6,7,1,2,4,3,Very important,Very important,Very important,Very important,Moderately important,Slightly important,Very important,Very important,Moderately important,Very important,Very important,Moderately important,Very important,Very important,Very important,Very important,Very important,Moderately important,Very important,Very important,Very important,Very important,Very important,Extremely important,Extremely important,Extremely important,Extremely important,Extremely important,Extremely important,Very important,,Extremely important,Very important,Very important,Moderately important,Very important,Very important,Very important,Very important,Extremely important,Extremely important,Very important,Very important,Extremely important,Very important,Very important,Very important,Extremely important,Extremely important,Very important,Very important,Very important,Very important,Very important,Very important,Extremely important,Extremely important,Extremely important,Very important,Very important,Very important,Extremely important,Extremely important,,Extremely important,Very important,Extremely important,Very important,Moderately important,Very important,Very important,Extremely important,Very important,,,,
5/12/2025 16:21,5/12/2025 16:33,100,693,TRUE,5/12/2025 16:33,Female,White,4,Graduate Programs,,Graduate Program 4,Extremely important,Extremely important,Very important,Very important,Extremely important,Moderately Important,Very important,Very important,1,2,7,3,4,5,6,3,2,1,4,Very important,Extremely important,Very important,Moderately important,Slightly important,Very important,Very important,Extremely important,Moderately important,Extremely important,Very important,Extremely important,Very important,Very important,Extremely important,Very important,Very important,Moderately important,Extremely important,Moderately important,Very important,Very important,Very important,Moderately important,Very important,Very important,Very important,Very important,Very important,Very important,,Very important,Moderately important,Moderately important,Moderately important,Very important,Very important,Very important,Moderately important,Extremely important,Very important,Moderately important,Extremely important,Extremely important,Very important,Extremely important,Very important,Extremely important,Very important,Moderately important,Very important,Very important,Moderately important,Moderately important,Very important,Extremely important,Very important,Extremely important,Very important,Extremely important,Extremely important,Extremely important,Very important,,Extremely important,Very important,Extremely important,Extremely important,Extremely important,Very important,Very important,Extremely important,Extremely important,,,,
5/12/2025 16:16,5/12/2025 16:42,100,1564,TRUE,5/12/2025 16:42,Female,White,5,"Undergraduate Programs,Graduate Programs",,"Graduate Program 5,Graduate Program 3",Very important,Very important,Very important,Moderately Important,Moderately Important,Moderately Important,Very important,Very important,3,6,5,4,2,1,7,1,3,2,4,Moderately important,Very important,Very important,Moderately important,Slightly important,Slightly important,Very important,Very important,Moderately important,Slightly important,Slightly important,Very important,Very important,Very important,Slightly important,Moderately important,Moderately important,Moderately important,Very important,Moderately important,Very important,Very important,Extremely important,Very important,Moderately important,Extremely important,Very important,Moderately important,Very important,Very important,,Very important,Moderately important,Moderately important,Moderately important,Very important,Moderately important,Moderately important,Slightly important,Very important,Moderately important,Moderately important,Very important,Very important,Moderately important,Very important,Moderately important,Very important,Very important,Moderately important,Moderately important,Slightly important,Very important,Moderately important,Extremely important,Extremely important,Very important,Moderately important,Moderately important,Moderately important,Very important,Extremely important,Moderately important,,Moderately important,Very important,Moderately important,Very important,Very important,Moderately important,Moderately important,Moderately important,Extremely important,,,,
5/13/2025 9:06,5/13/2025 9:15,100,507,TRUE,5/13/2025 9:15,Female,White,7,Graduate Programs,,Graduate Program 3,Extremely important,Extremely important,Extremely important,Moderately Important,Very important,Very important,Very important,Extremely important,1,3,4,2,5,6,7,1,4,3,2,Very important,Very important,Very important,Not Important,Not Important,Very important,Extremely important,Very important,Moderately important,Very important,Moderately important,Extremely important,Moderately important,Moderately important,Moderately important,Very important,Slightly important,Moderately important,Extremely important,Very important,Extremely important,Moderately important,Extremely important,Extremely important,Extremely important,Extremely important,Very important,Very important,Moderately important,Very important,,Extremely important,Moderately important,Extremely important,Slightly important,Very important,Extremely important,Extremely important,Not at all important,Extremely important,Moderately important,Moderately important,Moderately important,Very important,Very important,Very important,Moderately important,Very important,Very important,Very important,Very important,Very important,Very important,Moderately important,Extremely important,Extremely important,Extremely important,Extremely important,Very important,Very important,Very important,Very important,Very important,,Moderately important,Very important,Very important,Very important,Extremely important,Extremely important,Extremely important,Extremely important,Very important,,,"There has to be some events that require attendance, at least virtual, so the faculty can get to know each other. Professors teaching in related subjects should also touch base 1-2 times a year and discuss curriculum.",
5/13/2025 11:05,5/13/2025 11:16,100,631,TRUE,5/13/2025 11:16,Male,White,1,Graduate Programs,,Graduate Program 1,Extremely important,Extremely important,Extremely important,Extremely important,Extremely important,Extremely important,Very important,Extremely important,2,1,7,3,4,5,6,1,2,3,4,Extremely important,Moderately important,Extremely important,Moderately important,Slightly important,Very important,Extremely important,Extremely important,Moderately important,Very important,Moderately important,Extremely important,Extremely important,Extremely important,Extremely important,Very important,Moderately important,Moderately important,Very important,Slightly important,Moderately important,Moderately important,Very important,Very important,Moderately important,Extremely important,Extremely important,Extremely important,Extremely important,Extremely important,"Continued focus on asynchronous, online courses to better fit into adult learners' schedules.",Moderately important,Moderately important,Slightly important,Moderately important,Moderately important,Moderately important,Moderately important,Moderately important,Moderately important,Moderately important,Not at all important,Very important,Extremely important,Very important,Moderately important,Slightly important,Extremely important,Moderately important,Moderately important,Very important,Very important,Very important,Very important,Very important,Very important,Moderately important,Moderately important,Extremely important,Extremely important,Moderately important,Moderately important,Extremely important,Understanding the needs of adult learners in pursuing a graduate degree to enhance their careers.,Very important,Extremely important,Extremely important,Extremely important,Extremely important,Extremely important,Very important,Extremely important,Extremely important,I believe the current priorities are well aligned with the mission.,Making using Panopto more user friendly and easier to understand and apply.,Continue to find ways to incorporate those faculty who live well outside the college's area into the faculty.,Utilizing online events to make connections.
5/13/2025 12:01,5/13/2025 12:21,100,1247,TRUE,5/13/2025 12:21,Female,White,4,Undergraduate Programs,Undergrad Program 11,,Extremely important,Very important,Extremely important,Moderately Important,Extremely important,Moderately Important,Extremely important,Very important,2,1,6,3,4,5,7,2,1,4,3,Extremely important,Very important,Very important,Moderately important,Not Important,Moderately important,Extremely important,Very important,Moderately important,Moderately important,Slightly important,Extremely important,Extremely important,Extremely important,Extremely important,Very important,Very important,Slightly important,Very important,Slightly important,Very important,Very important,Very important,Extremely important,Moderately important,Extremely important,Extremely important,Extremely important,Extremely important,Extremely important,"More proactive support for students with high needs (disabilities, vets, recently in prison, etc.)",Very important,Slightly important,Very important,Slightly important,Very important,Extremely important,Very important,Moderately important,Extremely important,Extremely important,Moderately important,Extremely important,Extremely important,Very important,Extremely important,Very important,Extremely important,Very important,Very important,Very important,Very important,Extremely important,Extremely important,Moderately important,Very important,Very important,Extremely important,Extremely important,Extremely important,Extremely important,Extremely important,Very important,Increased outreach from advising. ,Very important,Extremely important,Extremely important,Extremely important,Extremely important,Extremely important,Extremely important,Extremely important,Very important,I would definitely do more to integrate Augustin College with other Veritus Imperial University schools. I love when I have a class that has students from multiple colleges at Veritus Imperial University-- the diversity leads for a really incredible learning experience for all students. I'd love to see more of that happen. ,"A lot of Augustin College students will go MIA and then turn up during the last few days (or after final grades are due), despite outreach. I'd love for there to be more that I feel like I can do to support those students earlier on in the semester.","Faculty PD, social opportunities",Don't underestimate the power of swag. 
5/13/2025 12:35,5/13/2025 12:48,100,790,TRUE,5/13/2025 12:48,Female,White,5,Graduate Programs,,Graduate Program 2,Very important,Extremely important,Extremely important,Very important,Very important,,Very important,Extremely important,1,3,4,2,5,6,7,3,2,4,1,Very important,Very important,Very important,Very important,Very important,Very important,Moderately important,Very important,Moderately important,Moderately important,,Extremely important,Very important,Extremely important,Extremely important,Very important,,Very important,Moderately important,,Very important,Extremely important,Extremely important,Extremely important,Extremely important,Extremely important,,Extremely important,Very important,Very important,Please add opportunities and incentives to i crease engagement from students asynchronous online courses,Extremely important,Very important,,,,,,,,,,,,,,,,,,,,,,,,,,,,,,,,Very important,Very important,Extremely important,Extremely important,Extremely important,Extremely important,Very important,Very important,Very important,,,,
5/14/2025 7:32,5/14/2025 7:44,100,757,TRUE,5/14/2025 7:44,Male,White,6,Undergraduate Programs,"Undergrad Programs 4, 5",,Extremely important,Very important,Very important,Slightly important,Moderately Important,Very important,Very important,Moderately Important,2,1,3,4,5,6,7,1,3,2,4,Slightly important,Slightly important,Moderately important,Slightly important,Extremely important,Slightly important,Extremely important,Moderately important,Slightly important,Extremely important,Slightly important,Extremely important,Moderately important,Extremely important,Extremely important,Slightly important,Slightly important,Slightly important,Extremely important,Moderately important,Extremely important,Moderately important,Very important,Extremely important,Slightly important,Moderately important,Very important,Moderately important,Very important,Moderately important,Clearer information for non-Augustin College students about signing up for Augustin College courses ,Moderately important,Moderately important,Very important,Slightly important,Extremely important,Extremely important,Extremely important,Slightly important,Extremely important,Extremely important,Moderately important,Extremely important,Extremely important,Extremely important,Moderately important,Slightly important,Moderately important,Slightly important,Slightly important,Slightly important,Moderately important,Moderately important,Extremely important,Extremely important,Extremely important,Extremely important,Extremely important,Moderately important,Very important,Moderately important,Extremely important,Extremely important,"More active career guidance, individualized ",Slightly important,Extremely important,Slightly important,Slightly important,Extremely important,Extremely important,Moderately important,Slightly important,Extremely important,No,Allow last minute plan B course offerings if/when a course is cancelled due to low enrollment.,Online events,Online events
5/14/2025 8:11,5/14/2025 8:27,100,1000,TRUE,5/14/2025 8:27,Male,"Hispanic or Latino,White",9,Graduate Programs,,Graduate Program 3,Very important,Extremely important,Moderately Important,Very important,Very important,Moderately Important,Very important,Very important,1,2,5,3,6,7,4,2,4,3,1,Very important,Extremely important,Very important,Moderately important,Moderately important,Very important,Very important,,,,,,,,,,,,,,Very important,Moderately important,Very important,Moderately important,Very important,Extremely important,Very important,Very important,Very important,Very important,,Moderately important,Very important,Moderately important,Moderately important,Very important,Moderately important,Very important,,,,,,,,,,,,,,,Extremely important,Moderately important,Very important,Extremely important,Very important,Very important,Very important,Moderately important,Very important,Very important,Extremely important,,Moderately important,Very important,Very important,Very important,Extremely important,Very important,Very important,Extremely important,Extremely important,,Give senior students the opportunity to be teaching assistants for additional feedback.,The nature of the faculty body makes this one very difficult. Organize a conference or workshop to gather faculty and foster communication across courses/disciplines.,
5/14/2025 7:56,5/14/2025 8:29,100,1958,TRUE,5/14/2025 8:29,Male,White,2,Undergraduate Programs,Undergrad Program 2,,Very important,Very important,Very important,Very important,Very important,Very important,Very important,Very important,1,3,4,2,5,6,7,1,3,2,4,Very important,Moderately important,Moderately important,Slightly important,Moderately important,Very important,Extremely important,Extremely important,Very important,Very important,Very important,Very important,Moderately important,Moderately important,Very important,Extremely important,Moderately important,Not at all important,Moderately important,Moderately important,Extremely important,Moderately important,Extremely important,Very important,Extremely important,Very important,Very important,Very important,Very important,Very important,,Very important,Moderately important,Moderately important,Slightly important,Slightly important,Very important,Very important,Very important,Extremely important,Moderately important,Slightly important,Slightly important,Extremely important,Very important,Moderately important,Moderately important,Moderately important,Very important,Moderately important,Moderately important,Moderately important,Extremely important,Very important,Extremely important,Extremely important,Extremely important,Extremely important,Very important,Extremely important,Very important,Very important,Very important,,Very important,Extremely important,Very important,Extremely important,Extremely important,Extremely important,Very important,Moderately important,Moderately important,,,,
5/14/2025 8:30,5/14/2025 8:36,100,371,TRUE,5/14/2025 8:36,Male,White,4,Graduate Programs,,Graduate Program 4,Extremely important,Extremely important,Very important,Moderately Important,Moderately Important,Very important,Extremely important,Extremely important,1,3,7,2,6,5,4,2,4,1,3,Very important,Extremely important,Extremely important,Moderately important,Moderately important,Moderately important,Extremely important,Very important,Very important,Extremely important,Moderately important,Extremely important,Very important,Extremely important,Extremely important,Very important,Extremely important,Very important,Very important,Moderately important,Extremely important,Extremely important,Extremely important,Very important,Very important,Extremely important,Extremely important,Very important,Very important,Very important,For asynchronous courses there should be a compulsory zoom meeting between faculty and students to discuss progress and what they have taken from the course.,Very important,Very important,Moderately important,Moderately important,Extremely important,Extremely important,Extremely important,Moderately important,Very important,Very important,Moderately important,Extremely important,Very important,Extremely important,Extremely important,Moderately important,Very important,Extremely important,Very important,Very important,Very important,Very important,Very important,Very important,Extremely important,Extremely important,Very important,Very important,Very important,Extremely important,Very important,Extremely important,,Very important,Extremely important,Very important,Extremely important,Extremely important,Very important,Very important,Very important,Very important,,,,
5/14/2025 8:21,5/14/2025 8:45,100,1446,TRUE,5/14/2025 8:45,Male,White,2,Undergraduate Programs,Undergrad Program 2,,Extremely important,Extremely important,Extremely important,Very important,Extremely important,Extremely important,Extremely important,Very important,5,1,6,2,3,4,7,2,1,3,4,Very important,Moderately important,Moderately important,Not Important,Slightly important,Slightly important,Very important,Extremely important,Slightly important,Very important,Moderately important,Very important,Very important,Extremely important,Very important,Slightly important,Slightly important,Not at all important,Moderately important,Not at all important,Extremely important,Very important,Extremely important,Moderately important,Moderately important,Very important,Extremely important,Very important,Moderately important,Extremely important,,Moderately important,Moderately important,Moderately important,Moderately important,Extremely important,Very important,Very important,Not at all important,Extremely important,Very important,Slightly important,Extremely important,Extremely important,Very important,Moderately important,Not at all important,Extremely important,Moderately important,Not at all important,Not at all important,Slightly important,Very important,Very important,Extremely important,Extremely important,Very important,Extremely important,Moderately important,Very important,Very important,Very important,Extremely important,,Moderately important,Very important,Moderately important,Moderately important,Very important,Very important,Slightly important,Slightly important,Extremely important,,Convey how my course fits into the overall goals for the school and for the students. ,"As a 1-course per year adjunct, I have very limited connection with Augustin College.  I think regular newsletters that talk about the school and specific programs would give me a better sense of the identity and purpose of Augustin College. ",This survey asks the right questions.  What does Augustin College want to be?  Clarifying that for the faculty and staff would be a good first step. 
5/14/2025 8:40,5/14/2025 8:48,100,500,TRUE,5/14/2025 8:48,Male,White,3,Undergraduate Programs,Undergrad Program 3,,Extremely important,Moderately Important,Extremely important,Moderately Important,Extremely important,Very important,Extremely important,Very important,5,3,6,4,1,2,7,3,2,4,1,Extremely important,Moderately important,Very important,Extremely important,Moderately important,Moderately important,Extremely important,Moderately important,Very important,Very important,Slightly important,Extremely important,Very important,Very important,Very important,Slightly important,Moderately important,Moderately important,Very important,Slightly important,Moderately important,Moderately important,Moderately important,Extremely important,Moderately important,Extremely important,Extremely important,Extremely important,Extremely important,Extremely important,Reconsider Canvas' use as the college's LMS.,Slightly important,Slightly important,Slightly important,Very important,Extremely important,Moderately important,Moderately important,Slightly important,Extremely important,Very important,Slightly important,Extremely important,Extremely important,Extremely important,Extremely important,Slightly important,Extremely important,Moderately important,Moderately important,Slightly important,Slightly important,Very important,Very important,Very important,Moderately important,Very important,Very important,Moderately important,Moderately important,Very important,Very important,Moderately important,I always have a bunch of students who are not Augustin College students.  Can Augustin College students enroll in classes outside of Augustin College?,Slightly important,Very important,Very important,Extremely important,Moderately important,Very important,Moderately important,Moderately important,Very important,,Revisit using Canvas as the LMS.,,
5/14/2025 9:12,5/14/2025 9:24,100,713,TRUE,5/14/2025 9:24,Male,White,2,Undergraduate Programs,"Undergrad Programs 3, 4",,Extremely important,Slightly important,Extremely important,Very important,Moderately Important,Moderately Important,Extremely important,Not at all important,5,1,6,3,2,4,7,1,3,4,2,Very important,Moderately important,Slightly important,Very important,Very important,Extremely important,Extremely important,Very important,Moderately important,Moderately important,Moderately important,Very important,Slightly important,Moderately important,Very important,Moderately important,Moderately important,Moderately important,Extremely important,Slightly important,Not at all important,Not at all important,Not at all important,Extremely important,Extremely important,Extremely important,Very important,Very important,Extremely important,Extremely important,,Very important,Very important,Very important,Very important,Very important,Slightly important,Extremely important,Slightly important,Extremely important,Extremely important,Slightly important,Moderately important,Extremely important,Extremely important,Very important,Moderately important,Moderately important,Moderately important,Moderately important,Moderately important,Moderately important,Very important,Moderately important,Very important,Very important,Very important,Very important,Moderately important,Moderately important,Slightly important,Slightly important,Moderately important,,Very important,Extremely important,Extremely important,Very important,Moderately important,Moderately important,Slightly important,Moderately important,Moderately important,,Increased compensation. Wages have remained stagnant at a time when COL has increased significantly. It also appears that local peer institutions are offering better pay for similar courses. ,,
5/14/2025 8:59,5/14/2025 9:31,100,1896,TRUE,5/14/2025 9:31,Female,White,6,Graduate Programs,,Graduate Program 2,Extremely important,Very important,Very important,Not at all important,Slightly important,Moderately Important,Moderately Important,Slightly important,1,2,7,3,5,6,4,1,3,2,4,Very important,Moderately important,Very important,Not Important,Not Important,Moderately important,Extremely important,Very important,Moderately important,Very important,Slightly important,Very important,Slightly important,Extremely important,Extremely important,Very important,Very important,Extremely important,Slightly important,Not at all important,Very important,Moderately important,Extremely important,Extremely important,Very important,Very important,Extremely important,Moderately important,Extremely important,Extremely important,Advertise courses to students in other schools. The Graduate Program 2 program has courses that would be wonderful for nursing students- both undergrad and grad!,Extremely important,Slightly important,Slightly important,Slightly important,Extremely important,Extremely important,Extremely important,Slightly important,Extremely important,Moderately important,Not at all important,Slightly important,Moderately important,Very important,Very important,Not at all important,Moderately important,Slightly important,Slightly important,Very important,Very important,Extremely important,Extremely important,Extremely important,Extremely important,Extremely important,Extremely important,Moderately important,Very important,Very important,Extremely important,Moderately important,,Slightly important,Extremely important,Slightly important,Moderately important,Moderately important,Extremely important,Slightly important,Slightly important,Moderately important,,,,
5/14/2025 8:00,5/14/2025 9:40,100,6036,TRUE,5/14/2025 9:40,Male,White,4,"Undergraduate Programs,Graduate Programs",Undergrad Program 2,Graduate Program 1,Extremely important,Very important,Very important,Moderately Important,Very important,Very important,Very important,Very important,1,3,5,4,6,7,2,1,4,2,3,Moderately important,Extremely important,Very important,Very important,Slightly important,Extremely important,Slightly important,Moderately important,Moderately important,Extremely important,Moderately important,Moderately important,Not at all important,Slightly important,Extremely important,Extremely important,Very important,Moderately important,Not at all important,Very important,Very important,Moderately important,Very important,Very important,Very important,Very important,Moderately important,Very important,Moderately important,Very important,,Very important,Very important,Moderately important,Slightly important,Very important,Very important,Moderately important,Very important,Extremely important,Moderately important,Moderately important,Moderately important,Very important,Very important,Very important,Moderately important,Very important,Very important,Extremely important,Very important,Very important,Very important,Very important,Extremely important,Very important,Very important,Extremely important,Very important,Very important,Extremely important,Very important,Extremely important,,Moderately important,Moderately important,Moderately important,Moderately important,Very important,Moderately important,Moderately important,Very important,Extremely important,,,,
5/14/2025 11:18,5/14/2025 11:28,100,560,TRUE,5/14/2025 11:28,Female,Prefer not to say,3,Graduate Programs,,Graduate Program 4,Extremely important,Very important,Very important,Very important,Moderately Important,Moderately Important,Moderately Important,Extremely important,1,2,3,4,5,6,7,2,1,3,4,Slightly important,Moderately important,Very important,Slightly important,Slightly important,Extremely important,Extremely important,Moderately important,Very important,Moderately important,Moderately important,Very important,Very important,Very important,Moderately important,Moderately important,Moderately important,Slightly important,Slightly important,Slightly important,Slightly important,Slightly important,Slightly important,Slightly important,Slightly important,Very important,Very important,Very important,Very important,Very important,"real life assignments, work that is actually done in the sports world in 2025, is very important ",,,,,,,,,,,,,,,,,,,,,,,,,,,,,,,,,,,,,,,,,,,,,,
5/14/2025 11:02,5/14/2025 11:28,100,1573,TRUE,5/14/2025 11:28,Male,White,10,Undergraduate Programs,Undergrad Program 11,,Extremely important,Very important,Extremely important,Moderately Important,Extremely important,Extremely important,Very important,Very important,1,3,6,2,4,5,7,2,1,3,4,Extremely important,Very important,Very important,Very important,Moderately important,Extremely important,Extremely important,Extremely important,Very important,Very important,Very important,Extremely important,Moderately important,Extremely important,Extremely important,Very important,Very important,Very important,Extremely important,Very important,Very important,Very important,Very important,Extremely important,Extremely important,Very important,Extremely important,Very important,Moderately important,Extremely important,"Besides academic advisor and mentor, the professor for each course could make himself or herself available for guidance.",Moderately important,Very important,Very important,Extremely important,Extremely important,Extremely important,Extremely important,Very important,Extremely important,Extremely important,Moderately important,Extremely important,Extremely important,Extremely important,Extremely important,Very important,Very important,Very important,Very important,Very important,Very important,Extremely important,Very important,Extremely important,Extremely important,Extremely important,Extremely important,Very important,Very important,Extremely important,Extremely important,Very important,"Integrate Augustin College students more in larger university, especially Morrissey.",Very important,Extremely important,Very important,Extremely important,Extremely important,Extremely important,Extremely important,Very important,Very important,Expand students' possibilities of diverse majors in all Morrissey departments if not already done.,Very satisfied.....Ability to teach new courses if fitting into mission of Augustin College,Continue occasional social gathering at 5  pm,"Same as above, with faculty and staff"
5/14/2025 11:28,5/14/2025 11:35,100,421,TRUE,5/14/2025 11:35,Female,White,3,Graduate Programs,,Graduate Program 1,Very important,Very important,Moderately Important,Moderately Important,Very important,Slightly important,Moderately Important,Very important,2,3,6,1,5,4,7,1,2,4,3,Very important,Moderately important,Very important,Very important,Slightly important,Slightly important,Very important,Moderately important,Slightly important,Moderately important,Very important,Very important,Moderately important,Moderately important,Very important,Moderately important,Slightly important,Slightly important,Very important,Moderately important,Very important,Slightly important,Very important,Moderately important,Moderately important,Very important,Moderately important,Very important,Very important,Very important,,Moderately important,Slightly important,Moderately important,Slightly important,Slightly important,Moderately important,Moderately important,Slightly important,Very important,Slightly important,Slightly important,Moderately important,Moderately important,Very important,,Slightly important,Very important,Moderately important,Slightly important,Slightly important,Slightly important,Very important,Moderately important,Very important,Very important,Very important,Moderately important,Extremely important,Very important,Moderately important,Very important,Extremely important,,Moderately important,Very important,Extremely important,Very important,Extremely important,Very important,Very important,Very important,Very important,,,,
5/14/2025 11:41,5/14/2025 11:51,100,636,TRUE,5/14/2025 11:51,Male,Asian,4,Undergraduate Programs,Undergrad Program 9,,Extremely important,Extremely important,Extremely important,Moderately Important,Moderately Important,Moderately Important,Moderately Important,Slightly important,1,6,2,5,4,3,7,3,4,2,1,Very important,Very important,Very important,Very important,Not Important,Moderately important,Not Important,Moderately important,Very important,Very important,Not at all important,Slightly important,Slightly important,Moderately important,Moderately important,Moderately important,Moderately important,Moderately important,Very important,Slightly important,Moderately important,Not at all important,Very important,Very important,Very important,Very important,Very important,Very important,Very important,Very important,"I am very concerned that students are getting away with use of generative AI in our asynchronous online courses. There's very little we can do in these settings. I question the future value of such degrees where students barely have to think or produce their own work. I have accessed resources on how to make things work with AI, but things have advanced so much that I don't think we can ensure true learning is happening. ",Slightly important,Slightly important,Slightly important,Slightly important,Slightly important,Moderately important,Slightly important,Not at all important,Very important,Slightly important,Slightly important,Slightly important,Moderately important,Moderately important,Moderately important,Moderately important,Moderately important,Moderately important,Moderately important,Slightly important,Slightly important,Very important,Very important,Very important,Very important,Very important,Very important,Very important,Very important,Very important,Very important,Very important,Some sort of student-faculty mentorship program where students can get more personal support and guidance related to professional growth and opportunities. ,Not at all important,Moderately important,Extremely important,Slightly important,Moderately important,Moderately important,Moderately important,Moderately important,Moderately important,,,,
5/14/2025 13:14,5/14/2025 13:28,100,822,TRUE,5/14/2025 13:28,Male,White,10,Graduate Programs,,Graduate Program 3,Extremely important,Moderately Important,Slightly important,Moderately Important,Slightly important,Extremely important,Very important,Very important,1,3,4,2,7,6,5,2,3,1,4,Extremely important,Slightly important,Not Important,Not Important,Not Important,Extremely important,Extremely important,Not at all important,Not at all important,Slightly important,Not at all important,Not at all important,Not at all important,Not at all important,Extremely important,Very important,Very important,Very important,Slightly important,Not at all important,Very important,Not at all important,Extremely important,Extremely important,Not at all important,Moderately important,Moderately important,Slightly important,Not at all important,Not at all important,Enhance verbal communication skills of international students,Extremely important,Very important,Slightly important,Moderately important,Moderately important,Very important,Extremely important,Not at all important,Very important,Not at all important,Not at all important,Not at all important,Slightly important,Extremely important,Moderately important,Not at all important,Not at all important,Moderately important,Moderately important,Moderately important,Slightly important,Moderately important,Moderately important,Moderately important,Very important,Very important,Very important,Not at all important,Not at all important,Slightly important,Extremely important,Slightly important,More networking opportunities,Very important,Extremely important,Extremely important,Slightly important,Extremely important,Slightly important,Moderately important,Not at all important,Very important,Embrace AI as an integral part of the new learning and teaching platforms. ,TA or grader support for all courses with more than 12 students,"Faculty-only based events outside of Veritus Imperial University: sports games, Faculty pub events ","ShoAugustin Collegee the achievements of alumni and existing programs. Some of the Augustin College programs have done amazingly well, but no many people at Veritus Imperial University or outside really know these."
5/14/2025 10:18,5/14/2025 10:37,82,1128,FALSE,5/14/2025 14:37,Male,White,30,Undergraduate Programs,,,Slightly important,Moderately Important,Very important,Very important,Extremely important,Slightly important,Extremely important,Extremely important,4,2,5,6,1,3,7,4,1,3,2,Extremely important,Slightly important,Moderately important,Extremely important,Slightly important,Slightly important,Not Important,Extremely important,Very important,Moderately important,Moderately important,Extremely important,Very important,Extremely important,Extremely important,Extremely important,Very important,Very important,Slightly important,Not at all important,Very important,Moderately important,Extremely important,Slightly important,Very important,Extremely important,Extremely important,Very important,Very important,Very important,Faculty gatherings to encourage dialog about programs and teaching.  ,Extremely important,Moderately important,Very important,Slightly important,Extremely important,Very important,Moderately important,Moderately important,Extremely important,Extremely important,Slightly important,Very important,Extremely important,Slightly important,Slightly important,Slightly important,Slightly important,Moderately important,Very important,Very important,Slightly important,Very important,Slightly important,Very important,Very important,Moderately important,Very important,Very important,Extremely important,Moderately important,Extremely important,Very important,,,,,,,,,,,,,,
5/14/2025 14:49,5/14/2025 14:57,100,450,TRUE,5/14/2025 14:57,Female,White,10,Undergraduate Programs,Undergrad Program 12,,Extremely important,Extremely important,Extremely important,Extremely important,Extremely important,Very important,Extremely important,Extremely important,4,1,3,6,2,5,7,,,,,Very important,Very important,Extremely important,Extremely important,Very important,Very important,Very important,Extremely important,Very important,Very important,Very important,Extremely important,Extremely important,Extremely important,Extremely important,Extremely important,Extremely important,Extremely important,Extremely important,Very important,Very important,Very important,Very important,Extremely important,Extremely important,Extremely important,Extremely important,Extremely important,Extremely important,Extremely important,,Very important,Very important,Extremely important,Extremely important,Extremely important,Extremely important,Extremely important,Very important,Extremely important,Extremely important,Very important,Extremely important,Extremely important,Extremely important,Extremely important,Very important,Extremely important,Extremely important,Extremely important,Extremely important,Extremely important,Very important,Very important,Very important,Extremely important,Extremely important,Extremely important,Extremely important,Extremely important,Extremely important,Extremely important,Extremely important,,Very important,Very important,Very important,Extremely important,Extremely important,Extremely important,Extremely important,Very important,Extremely important,,Summer Library Card and summer parking - to use the libraries.,More in-person gatherings.,In person symposiums.
5/14/2025 15:26,5/14/2025 15:40,100,840,TRUE,5/14/2025 15:40,Female,"Hispanic or Latino,White",1,Undergraduate Programs,Undergrad Program 12,,Moderately Important,Very important,Very important,Extremely important,Extremely important,Extremely important,Moderately Important,Moderately Important,1,2,5,3,6,4,7,1,2,4,3,Extremely important,Moderately important,Extremely important,Extremely important,,Not Important,Not Important,Moderately important,,Very important,Very important,Extremely important,Not at all important,Very important,Very important,Extremely important,Moderately important,Moderately important,Moderately important,Very important,Extremely important,Extremely important,Extremely important,Slightly important,Extremely important,Extremely important,Extremely important,Extremely important,Moderately important,Very important,More pre-screening for prospective students,Moderately important,Moderately important,Moderately important,Moderately important,Extremely important,Extremely important,Extremely important,Slightly important,Very important,Extremely important,Slightly important,Extremely important,Extremely important,Extremely important,Extremely important,Not at all important,Moderately important,Very important,Very important,Very important,Moderately important,Extremely important,Extremely important,Extremely important,Very important,Very important,Very important,Extremely important,Extremely important,Very important,Very important,Extremely important,,Extremely important,Very important,Very important,Extremely important,Extremely important,Very important,Very important,Extremely important,Extremely important,,,More mixers and events for us all to meet each other and collaborate,
5/14/2025 12:16,5/14/2025 12:22,36,398,FALSE,5/14/2025 16:22,Male,White,6,Graduate Programs,,Graduate Program 4,Extremely important,Slightly important,Very important,Slightly important,Moderately Important,Moderately Important,Moderately Important,Extremely important,1,2,3,4,5,6,7,1,4,2,3,,,,,,,,,,,,,,,,,,,,,,,,,,,,,,,,,,,,,,,,,,,,,,,,,,,,,,,,,,,,,,,,,,,,,,,,,,,,,
5/14/2025 16:32,5/14/2025 16:45,100,792,TRUE,5/14/2025 16:45,Male,White,3,Graduate Programs,,Graduate Program 3,Moderately Important,Extremely important,Very important,Very important,Very important,Moderately Important,Extremely important,Extremely important,4,5,1,3,6,7,2,1,2,4,3,Very important,Extremely important,Very important,Moderately important,Slightly important,Slightly important,Not Important,Very important,Very important,Extremely important,Very important,Moderately important,Moderately important,Very important,Very important,Very important,Moderately important,Very important,Moderately important,Very important,Extremely important,Extremely important,Moderately important,Moderately important,Very important,Very important,Very important,Extremely important,Very important,Very important,,Moderately important,Very important,Moderately important,Moderately important,Moderately important,Very important,Very important,Moderately important,Very important,Very important,Moderately important,Moderately important,Very important,Very important,Very important,Moderately important,Slightly important,Moderately important,Very important,Very important,Very important,Moderately important,Very important,Very important,Extremely important,Extremely important,Very important,Moderately important,Moderately important,Extremely important,Very important,Very important,,Moderately important,Moderately important,Very important,Moderately important,Extremely important,Moderately important,Very important,Very important,Extremely important,,I already have a great support. ,,
5/14/2025 13:12,5/14/2025 15:14,24,7331,FALSE,5/14/2025 19:14,Prefer not to say,Prefer not to say,2,Undergraduate Programs,"Undergrad Programs 11, 13",,,,,,,,,,,,,,,,,,,,,,,,,,,,,,,,,,,,,,,,,,,,,,,,,,,,,,,,,,,,,,,,,,,,,,,,,,,,,,,,,,,,,,,,,,,,,,,,,
5/14/2025 19:33,5/14/2025 19:48,100,886,TRUE,5/14/2025 19:48,Female,White,4,Undergraduate Programs,Undergrad Program 9,,Extremely important,Extremely important,Very important,Very important,Extremely important,Very important,Very important,Very important,1,2,7,3,6,5,4,2,1,3,4,Moderately important,Very important,Moderately important,Slightly important,Not Important,Slightly important,Extremely important,Extremely important,Moderately important,Very important,Slightly important,Extremely important,Extremely important,Very important,Very important,Not at all important,Very important,Slightly important,Slightly important,Not at all important,Moderately important,Slightly important,Moderately important,Moderately important,Not at all important,Moderately important,Very important,Very important,Extremely important,Extremely important,More opportunities for faculty to learn in groups; discuss how we are using AI in our teaching.,Very important,Slightly important,Slightly important,Slightly important,Slightly important,Slightly important,Slightly important,Slightly important,Extremely important,Very important,Slightly important,Very important,Slightly important,Slightly important,Slightly important,Slightly important,Slightly important,Slightly important,Slightly important,Slightly important,Slightly important,Slightly important,Slightly important,Slightly important,Extremely important,Very important,Very important,Moderately important,Moderately important,Very important,Very important,Very important,Integrate Career networking/mentoring/advising into course experiences and assignments; promote ways for students to access career services support as part of course material/course activities,Moderately important,Extremely important,Extremely important,Extremely important,Extremely important,Extremely important,Very important,Very important,Extremely important,"AI integration into LMS and course materials, AI training for all faculty to better understand how to teach with AI",More professional development opportunities; more opportunities to engage with other Augustin College faculty,Help us connect with each other; provide some cohort experience or professional development experience like we had during Covid,Host regular opportunities to connect with each other
5/14/2025 19:34,5/14/2025 19:58,100,1474,TRUE,5/14/2025 19:58,Male,White,8,Undergraduate Programs,Undergrad Program 8,,Very important,Extremely important,Very important,Very important,Very important,Moderately Important,Extremely important,Very important,2,1,5,3,6,4,7,,,,,Very important,Extremely important,Extremely important,Very important,Moderately important,Very important,Extremely important,Extremely important,Very important,Extremely important,Moderately important,Extremely important,Moderately important,Very important,Extremely important,Very important,Very important,Very important,Extremely important,Moderately important,Extremely important,Very important,Extremely important,Very important,Extremely important,Very important,Extremely important,Very important,Extremely important,Very important,"I have always been very impressed with the Augustin College's focus on student development.  In my experience, many of the students in the Augustin College are there to either change careers or get started in a new career.  One thing the Augustin College can do to help them is to continue to build relationships with potential employers and get regular feedback on the skills they are looking for from our graduates.  This may already be happening, but this is not always visible to all of us.  I have seen tremendous growth in the program over the years and am excited for its future.",Very important,Moderately important,Very important,Moderately important,Extremely important,Very important,Extremely important,Very important,Extremely important,Very important,Moderately important,Very important,Very important,Very important,Very important,Moderately important,Very important,Very important,Very important,Very important,Moderately important,Very important,Moderately important,Extremely important,Extremely important,Extremely important,Extremely important,Very important,Very important,Extremely important,Extremely important,Extremely important,More career fairs and developing internship opportunities would be great.,Very important,Moderately important,Very important,Very important,Extremely important,Very important,Very important,Very important,Extremely important,Nothing more than what I stated earlier.,"I would like to be more involved in helping to develop the Undergrad Program 8 program.  Great strides have been made over the past few years, but this is an ever-changing field and one that should have regular reviews.","In the past year, Augustin College has offered a number of social events designed to foster a stronger community.  This is a great idea that should be continued.",Same as above.
5/14/2025 20:49,5/14/2025 20:59,100,617,TRUE,5/14/2025 20:59,Female,Asian,3,Graduate Programs,,Graduate Program 5,Very important,Very important,Very important,Moderately Important,Moderately Important,Very important,Very important,Very important,1,2,3,4,6,7,5,,,,,Very important,Moderately important,Moderately important,Slightly important,Slightly important,Slightly important,Very important,Moderately important,Moderately important,Slightly important,Slightly important,Moderately important,Moderately important,Moderately important,Very important,Slightly important,Slightly important,Moderately important,Slightly important,Slightly important,Very important,Moderately important,Very important,Very important,Very important,Very important,Very important,Moderately important,Very important,Very important,,Slightly important,Slightly important,Slightly important,Slightly important,Moderately important,Moderately important,Moderately important,Moderately important,Moderately important,Slightly important,Moderately important,Moderately important,Moderately important,Very important,Moderately important,Moderately important,Moderately important,Moderately important,Moderately important,Moderately important,Moderately important,Slightly important,Very important,Slightly important,Moderately important,Moderately important,Moderately important,Moderately important,Moderately important,Moderately important,Moderately important,Moderately important,,Slightly important,Moderately important,Very important,Moderately important,Very important,Very important,Moderately important,Moderately important,Very important,,,,
5/14/2025 22:43,5/14/2025 23:01,100,1097,TRUE,5/14/2025 23:01,Male,White,2,Undergraduate Programs,"Undergrad Programs 5, 6",,Extremely important,Extremely important,Extremely important,Extremely important,Extremely important,Extremely important,Extremely important,Extremely important,2,1,3,6,4,5,7,3,1,4,2,Extremely important,Moderately important,Extremely important,Extremely important,Not Important,Not Important,Extremely important,Slightly important,Slightly important,Slightly important,Slightly important,Extremely important,Extremely important,Extremely important,Extremely important,Extremely important,Extremely important,Extremely important,Extremely important,Slightly important,Moderately important,Moderately important,Moderately important,Slightly important,Slightly important,Extremely important,Extremely important,Extremely important,Extremely important,Extremely important,Scheduled study hours,Very important,Very important,Extremely important,Very important,Extremely important,Extremely important,Extremely important,Moderately important,Extremely important,Extremely important,Moderately important,Extremely important,Extremely important,Extremely important,Extremely important,Slightly important,Extremely important,Very important,Slightly important,Very important,Extremely important,Extremely important,Extremely important,Very important,Very important,Very important,Extremely important,Extremely important,Extremely important,Very important,Extremely important,Extremely important,Designated study hours,Extremely important,Extremely important,Extremely important,Extremely important,Extremely important,Extremely important,Extremely important,Extremely important,Extremely important,Discernment,Designated faculty space,Designated faculty space,Designated faculty/student space
5/15/2025 9:44,5/15/2025 9:58,100,842,TRUE,5/15/2025 9:59,Female,White,10,Graduate Programs,,Graduate Program 3,Extremely important,Moderately Important,Moderately Important,Moderately Important,Moderately Important,Very important,Very important,Very important,2,4,7,1,6,5,3,4,1,2,3,Extremely important,Slightly important,Moderately important,Moderately important,Very important,Extremely important,Extremely important,Extremely important,Very important,Very important,Very important,Extremely important,Extremely important,Extremely important,Extremely important,Extremely important,Moderately important,Slightly important,Extremely important,Slightly important,Moderately important,Moderately important,Very important,Slightly important,Extremely important,Extremely important,Extremely important,Extremely important,Extremely important,Very important,,Extremely important,Moderately important,Very important,Moderately important,Extremely important,Extremely important,Extremely important,,Extremely important,Extremely important,,Extremely important,,Extremely important,Extremely important,Extremely important,,,,,,Very important,Very important,Very important,Extremely important,Moderately important,Moderately important,Moderately important,Very important,Moderately important,Extremely important,Moderately important,,Very important,Moderately important,Extremely important,Extremely important,Extremely important,Extremely important,Extremely important,Extremely important,Extremely important,,,,
5/15/2025 10:20,5/15/2025 10:25,100,278,TRUE,5/15/2025 10:25,Male,White,2,Undergraduate Programs,Undergrad Program 11,,Not at all important,Slightly important,Extremely important,Extremely important,Extremely important,Very important,Extremely important,Very important,7,3,5,6,2,1,4,3,2,4,1,Extremely important,Slightly important,Very important,Extremely important,Very important,Not Important,Not Important,Extremely important,Extremely important,Very important,Extremely important,Extremely important,Very important,Very important,Moderately important,Moderately important,Extremely important,Extremely important,Extremely important,Not at all important,Extremely important,Extremely important,Extremely important,Extremely important,Extremely important,Extremely important,Extremely important,Extremely important,Extremely important,Extremely important,,Not at all important,Not at all important,Not at all important,Not at all important,Very important,Very important,Very important,Very important,Extremely important,Extremely important,Moderately important,Extremely important,Extremely important,Extremely important,Extremely important,Moderately important,Very important,Moderately important,Moderately important,Moderately important,Moderately important,Extremely important,Extremely important,Extremely important,Very important,Very important,Very important,Very important,Very important,Very important,Very important,Very important,,Extremely important,Extremely important,Extremely important,Extremely important,Extremely important,Extremely important,Extremely important,Extremely important,Extremely important,,,,
5/15/2025 11:46,5/15/2025 11:52,100,382,TRUE,5/15/2025 11:52,Male,Hispanic or Latino,7,Undergraduate Programs,Undergrad Program 13,,Extremely important,Very important,Extremely important,Moderately Important,Moderately Important,Very important,Very important,Very important,1,7,5,2,3,6,4,1,2,3,4,Extremely important,Moderately important,Moderately important,Very important,Moderately important,Moderately important,Extremely important,Very important,Very important,Very important,Very important,Moderately important,Moderately important,Moderately important,Moderately important,Moderately important,Moderately important,Very important,Very important,Moderately important,Very important,Very important,Very important,Moderately important,Very important,Extremely important,Moderately important,Very important,Very important,Very important,,Slightly important,Slightly important,Very important,Not at all important,Slightly important,Slightly important,Slightly important,Slightly important,Moderately important,Moderately important,Moderately important,Moderately important,Extremely important,Extremely important,Extremely important,Slightly important,Slightly important,Slightly important,Moderately important,Moderately important,Very important,Moderately important,Very important,Very important,Very important,Very important,Very important,Very important,Very important,Very important,Extremely important,Very important,,Moderately important,Extremely important,Extremely important,Extremely important,Extremely important,Very important,Moderately important,Moderately important,Very important,,,,
5/15/2025 11:46,5/15/2025 11:56,100,615,TRUE,5/15/2025 11:56,,White,15,Undergraduate Programs,Undergrad Program 2,,Slightly important,Extremely important,Very important,Very important,Moderately Important,Very important,Extremely important,Extremely important,2,1,5,6,3,4,7,1,3,2,4,Slightly important,Moderately important,Very important,Extremely important,Slightly important,Slightly important,Not Important,Extremely important,Very important,Very important,Moderately important,Moderately important,Slightly important,Moderately important,Very important,Very important,Moderately important,Very important,Very important,Moderately important,Extremely important,Very important,Extremely important,Very important,Very important,Extremely important,Very important,Very important,Very important,Extremely important,,Very important,Very important,Extremely important,Very important,Very important,Very important,Very important,Moderately important,Extremely important,Very important,Moderately important,Moderately important,Very important,Very important,Very important,Very important,Very important,Very important,Moderately important,Moderately important,Slightly important,Very important,Moderately important,Very important,Extremely important,Very important,Very important,Extremely important,Extremely important,Extremely important,Extremely important,Very important,,Very important,Very important,Very important,Moderately important,Extremely important,Very important,Very important,Moderately important,Very important,,,,
5/15/2025 12:09,5/15/2025 12:33,36,1441,FALSE,5/15/2025 16:33,Female,White,1,Undergraduate Programs,Undergrad Program 11,,Very important,Very important,Extremely important,Very important,Very important,Very important,Very important,Very important,3,1,5,2,6,4,7,,,,,,,,,,,,,,,,,,,,,,,,,,,,,,,,,,,,,,,,,,,,,,,,,,,,,,,,,,,,,,,,,,,,,,,,,,,,,,,,,
5/16/2025 16:03,5/16/2025 16:24,100,1234,TRUE,5/16/2025 16:24,Female,White,5,Undergraduate Programs,Undergrad Program 9,,Extremely important,Very important,Extremely important,Very important,Extremely important,Slightly important,Extremely important,Extremely important,2,1,6,3,4,5,7,1,3,4,2,Extremely important,Very important,Extremely important,Moderately important,Not Important,Very important,Extremely important,Extremely important,Moderately important,Extremely important,Moderately important,Extremely important,Moderately important,Extremely important,Extremely important,Very important,Moderately important,Moderately important,Very important,Not at all important,Extremely important,Very important,Very important,Very important,Moderately important,Extremely important,Extremely important,Extremely important,Extremely important,Extremely important,,Extremely important,Extremely important,Moderately important,Very important,Extremely important,Extremely important,Very important,Very important,Extremely important,Extremely important,Not at all important,Very important,Very important,Moderately important,Extremely important,Slightly important,Very important,Moderately important,Moderately important,Moderately important,Slightly important,Extremely important,Very important,Extremely important,Extremely important,Extremely important,Extremely important,Extremely important,Very important,Extremely important,Extremely important,Extremely important,More awareness of resources through the library and Connors Center is SO important. I am constantly recommending these resources and many students are surprised by what is there.,Extremely important,Extremely important,Extremely important,Very important,Very important,Very important,Very important,Very important,Very important,"I hope that Augustin College maintains its status as an opportunity for students with busy lives (personally and professionally) to obtain a high-quality Veritus Imperial University education. Community colleges and other schools offer educational opportunities, but they are not of the caliber of the Veritus Imperial University experience. Every student, no matter their life circumstances, should be able to access that high quality education. To me this is about both the academic rigor but also the student formation experience that is the hallmark of a religious education. When we embrace our mission, we are reaching students who would otherwise not have an opportunity to engage in this type of educational experience. ",,"As an online faculty member, I really love being involved in the hybrid professional development opportunities. Those conversations are rich and help me feel connected to the mission and community. ","In-person events are great for those who can attend, but many of our students have very full work schedules. I believe hybrid events are very possible and can be quite powerful. Augustin College does offer these and I think continuing to offer opportunities for folks to join either in-person or online to talks is important for capturing who I view as our student population. I would love to have some online/remote volunteer opportunities. Maybe mentoring online? Maybe go out into the community but having online reflection sessions? My students have been spread throughout the area, so I know coming to campus for some of the student formation events can be a barrier for them. Yet, I believe those experiences are part of what makes a Veritus Imperial University education so impactful."
5/18/2025 6:19,5/18/2025 6:37,100,1066,TRUE,5/18/2025 6:37,Female,White,8,Graduate Programs,,Graduate Program 2,Extremely important,Extremely important,Extremely important,Slightly important,Very important,Very important,Moderately Important,Very important,2,4,1,3,5,6,7,2,1,3,4,Moderately important,Moderately important,Moderately important,Slightly important,Slightly important,Moderately important,Very important,Very important,Moderately important,Very important,Slightly important,Very important,Very important,Very important,Very important,Moderately important,Moderately important,Slightly important,Moderately important,Slightly important,Very important,Very important,Very important,Moderately important,Moderately important,Very important,Very important,Moderately important,Extremely important,Extremely important,Formal mentorships between students and faculty on request of students or recommendation of faculty,Moderately important,Moderately important,Slightly important,Slightly important,Moderately important,Moderately important,Very important,Slightly important,Very important,Very important,Slightly important,Moderately important,Moderately important,Very important,Very important,Slightly important,Moderately important,Slightly important,Slightly important,Slightly important,Moderately important,Very important,Moderately important,Very important,Very important,Very important,Very important,Very important,Very important,Moderately important,Moderately important,Very important,Student request process for access to expert career advisement from working professionals (faculty and others),Slightly important,Very important,Very important,Very important,Very important,Very important,Very important,Moderately important,Very important,Ease of access for undergraduate students to attend a world class college at a reasonable tuition and flexibly course schedule for working students,I have always had outstanding support from program administration ,Quarterly (twice a semester fall/spring) department meetings with zoom access to allow faculty to keep abreast of potential changes and to provide valuable insights to administrative leaders,Twice a year open forums for all with in person and zoom access
5/19/2025 12:35,5/19/2025 12:39,100,269,TRUE,5/19/2025 12:39,Female,"Black or African American,Hispanic or Latino",3,Graduate Programs,,Graduate Program 4,Extremely important,Extremely important,Extremely important,Extremely important,Extremely important,Moderately Important,Extremely important,Extremely important,1,7,4,6,3,2,5,2,4,1,3,Extremely important,Extremely important,Extremely important,Moderately important,Slightly important,Moderately important,Very important,Very important,Very important,Extremely important,Extremely important,Extremely important,Extremely important,Extremely important,Extremely important,Very important,Slightly important,Slightly important,Very important,Moderately important,Extremely important,Extremely important,Extremely important,Extremely important,Moderately important,Extremely important,Extremely important,Extremely important,Extremely important,Extremely important,,Moderately important,Moderately important,Moderately important,Moderately important,Moderately important,Moderately important,Moderately important,Moderately important,Very important,Moderately important,Slightly important,Very important,Very important,Moderately important,Very important,Moderately important,Moderately important,Moderately important,Slightly important,Extremely important,Very important,Moderately important,Moderately important,Moderately important,Extremely important,Moderately important,Very important,Moderately important,Very important,Very important,Very important,Very important,,Very important,Very important,Extremely important,Extremely important,Extremely important,Extremely important,Extremely important,Extremely important,Extremely important,,,,
5/20/2025 10:35,5/20/2025 10:44,100,513,TRUE,5/20/2025 10:44,Female,White,4,Undergraduate Programs,,,Extremely important,Extremely important,Extremely important,Extremely important,Extremely important,Moderately Important,Very important,Very important,6,3,4,7,1,2,5,2,1,3,4,Extremely important,Extremely important,Very important,Very important,Moderately important,Very important,Extremely important,Extremely important,Extremely important,Very important,Moderately important,Extremely important,Extremely important,Extremely important,Extremely important,Extremely important,Extremely important,Extremely important,Extremely important,Slightly important,Very important,Very important,Very important,Extremely important,Extremely important,Very important,Extremely important,Very important,Extremely important,Extremely important,I have been saying for years that students need more from a relationship with an advisor or faculty mentor-too many fall through the cracks every semester,Very important,Very important,Very important,Moderately important,Moderately important,Very important,Extremely important,Very important,Very important,Very important,Very important,Very important,Very important,Very important,Extremely important,Very important,Extremely important,Extremely important,Extremely important,Extremely important,Extremely important,Extremely important,Very important,Extremely important,Very important,Extremely important,Very important,Very important,Very important,Very important,Very important,Extremely important,"I would want to have an in-person orientation day, where Veritus Imperial University members of the library and other offices would host new Augustin College students-and a faculty or admin Augustin College person would take the students physically to each space-this means a great deal",Extremely important,Extremely important,Extremely important,Very important,Very important,Very important,Very important,Extremely important,Extremely important,,Stronger advisor relationships with students-it' very difficult to keep track of people as so many go MIA each semester and the advisors do not have much to say/do each time,by actually hiring full time professors ,having full time professors who can have office hours every day on campus/zoom/hybrid
5/20/2025 12:56,5/20/2025 13:08,100,713,TRUE,5/20/2025 13:08,Female,Black or African American,2,Undergraduate Programs,Undergrad Program 3,,Extremely important,Very important,Extremely important,Extremely important,Very important,Very important,Extremely important,Extremely important,5,3,4,6,2,1,7,1,3,2,4,Very important,Very important,Extremely important,Extremely important,Moderately important,Extremely important,Extremely important,Extremely important,Very important,Extremely important,Very important,Extremely important,Very important,Extremely important,Extremely important,Extremely important,Extremely important,Extremely important,Moderately important,Slightly important,Extremely important,Very important,Extremely important,Very important,Extremely important,Extremely important,Very important,Extremely important,Extremely important,Extremely important,,Extremely important,Extremely important,Very important,Extremely important,Extremely important,Extremely important,Extremely important,Extremely important,Extremely important,Extremely important,Very important,Extremely important,Extremely important,Extremely important,Extremely important,Very important,Extremely important,Extremely important,Extremely important,Extremely important,Extremely important,Extremely important,Extremely important,Extremely important,Extremely important,Extremely important,Extremely important,Extremely important,Extremely important,Extremely important,Extremely important,Extremely important,,Extremely important,Extremely important,Extremely important,Extremely important,Extremely important,Moderately important,Extremely important,Very important,Extremely important,,Curriculum Development ,Community programs / retreats - can we use Veritus Imperial University retreat properties for weekend retreats ,Retreats 
5/21/2025 7:57,5/21/2025 8:12,100,881,TRUE,5/21/2025 8:12,Female,White,3,Undergraduate Programs,"Undergrad Programs 2, 11",,Extremely important,Extremely important,Extremely important,Extremely important,Extremely important,Very important,Very important,Extremely important,4,3,1,5,2,6,7,4,1,2,3,Very important,Extremely important,Extremely important,Very important,Slightly important,Very important,Very important,Extremely important,Very important,Extremely important,Moderately important,Extremely important,Extremely important,Very important,Extremely important,Very important,Slightly important,Moderately important,Moderately important,Slightly important,Extremely important,Extremely important,Extremely important,Moderately important,Moderately important,Extremely important,Extremely important,Very important,Moderately important,Very important,,Moderately important,Moderately important,Slightly important,Very important,Slightly important,Moderately important,Very important,Very important,Very important,Very important,Slightly important,Very important,Moderately important,Extremely important,Very important,Moderately important,Moderately important,Moderately important,Very important,Very important,Moderately important,Very important,Slightly important,Moderately important,Very important,Very important,Extremely important,Very important,Extremely important,Very important,Moderately important,Extremely important,,Moderately important,Extremely important,Extremely important,Extremely important,Very important,Extremely important,Very important,Extremely important,Moderately important,,,,
5/21/2025 8:25,5/21/2025 8:30,100,298,TRUE,5/21/2025 8:30,Female,White,4,Graduate Programs,,Graduate Program 3,Extremely important,Extremely important,Extremely important,Very important,Very important,Extremely important,Extremely important,Extremely important,1,3,4,2,5,6,7,1,4,2,3,Moderately important,Very important,Very important,Very important,Slightly important,Very important,Very important,Moderately important,Moderately important,Moderately important,Moderately important,Very important,Moderately important,Moderately important,Very important,,,,,,,,,,,,,,,,,,,,,,,,,,,,,,,,,,,,,,,,,,,,,,,,,,,,,,,,,,,,,,
5/21/2025 9:14,5/21/2025 9:19,100,285,TRUE,5/21/2025 9:19,Female,Hispanic or Latino,3,Undergraduate Programs,Undergrad Program 3,,Extremely important,Extremely important,Extremely important,Extremely important,Extremely important,Extremely important,Extremely important,Extremely important,4,1,6,5,2,3,7,1,2,3,4,Extremely important,Extremely important,Extremely important,Moderately important,Moderately important,Extremely important,Very important,Very important,Very important,Very important,Very important,Very important,Extremely important,Extremely important,Extremely important,Very important,Very important,Very important,Very important,Very important,Very important,Moderately important,Very important,Very important,Very important,Very important,Extremely important,Extremely important,Extremely important,Extremely important,,Extremely important,Extremely important,Extremely important,Extremely important,Extremely important,Very important,Extremely important,Moderately important,Very important,Very important,Moderately important,Very important,Very important,Very important,Very important,Very important,Very important,Very important,Very important,Very important,Very important,Very important,Very important,Very important,Extremely important,Very important,Very important,Very important,Very important,Extremely important,Extremely important,Extremely important,,Moderately important,Very important,Very important,Extremely important,Very important,Very important,Very important,Very important,Very important,,,,
5/21/2025 10:04,5/21/2025 10:14,100,599,TRUE,5/21/2025 10:14,Male,Prefer not to say,1,Undergraduate Programs,Undergrad Program 8,,Extremely important,Extremely important,Very important,Moderately Important,Moderately Important,Moderately Important,Slightly important,Moderately Important,2,4,3,5,6,1,7,1,4,2,3,Very important,Moderately important,Extremely important,Moderately important,Slightly important,Moderately important,Moderately important,Moderately important,Moderately important,Moderately important,Slightly important,Extremely important,Extremely important,Extremely important,Very important,Slightly important,Slightly important,Slightly important,Slightly important,Not at all important,Very important,Slightly important,Very important,Slightly important,Very important,Very important,Moderately important,Moderately important,Moderately important,Very important,,Slightly important,Slightly important,Slightly important,Slightly important,Very important,Moderately important,Moderately important,Moderately important,Extremely important,Slightly important,Slightly important,Moderately important,Very important,Moderately important,Moderately important,Slightly important,Very important,Moderately important,Moderately important,Moderately important,Moderately important,Very important,Moderately important,Very important,Moderately important,Moderately important,Moderately important,Moderately important,Moderately important,Moderately important,Slightly important,Very important,,Slightly important,Moderately important,Very important,Extremely important,Extremely important,Slightly important,Slightly important,Moderately important,Moderately important,,,,
5/21/2025 10:19,5/21/2025 10:26,100,436,TRUE,5/21/2025 10:26,Male,Asian,3,Graduate Programs,,,Extremely important,Extremely important,Very important,Moderately Important,Extremely important,Very important,Extremely important,Extremely important,2,4,5,3,6,7,1,1,4,3,2,Extremely important,Very important,Extremely important,Extremely important,Moderately important,Slightly important,Extremely important,Extremely important,Very important,Extremely important,Very important,Slightly important,Moderately important,Slightly important,Moderately important,Very important,Moderately important,Slightly important,Moderately important,Not at all important,Extremely important,Very important,Very important,Moderately important,Slightly important,Very important,Extremely important,Very important,Extremely important,Extremely important,,Extremely important,Extremely important,Extremely important,Very important,Extremely important,Extremely important,Very important,Slightly important,Extremely important,Moderately important,Slightly important,Slightly important,Extremely important,Very important,Moderately important,Moderately important,Slightly important,Very important,Moderately important,Extremely important,Extremely important,Very important,Very important,Very important,Extremely important,Very important,Very important,Very important,Very important,Moderately important,Very important,Very important,,Slightly important,Very important,Moderately important,Slightly important,Extremely important,Extremely important,Extremely important,Extremely important,Extremely important,,,,
5/21/2025 10:14,5/21/2025 10:32,100,1122,TRUE,5/21/2025 10:32,Female,White,4,Undergraduate Programs,Undergrad Program 6,,Extremely important,Very important,Extremely important,Extremely important,Extremely important,Moderately Important,Extremely important,Very important,5,1,2,6,3,4,7,2,1,3,4,Extremely important,Moderately important,Very important,Moderately important,Moderately important,Moderately important,Extremely important,Extremely important,Moderately important,Very important,Very important,Extremely important,Moderately important,Very important,Very important,Very important,Moderately important,Moderately important,Moderately important,Very important,Extremely important,Very important,Very important,Extremely important,Extremely important,Extremely important,Extremely important,Extremely important,Extremely important,Extremely important,"Honestly, I think we need additional administrative staff. In my experience the deans do a great job, but they are overworked.",Extremely important,Very important,Very important,Very important,Extremely important,Moderately important,Very important,Extremely important,Extremely important,Extremely important,Moderately important,Extremely important,Extremely important,Extremely important,Extremely important,Very important,Extremely important,Extremely important,Very important,Very important,Very important,Moderately important,Very important,Very important,Extremely important,Extremely important,Extremely important,Extremely important,Extremely important,Very important,Very important,Moderately important,,Very important,Very important,Very important,Very important,Very important,Very important,Very important,Very important,Very important,,I think Augustin College already does a great job with this.,,
5/21/2025 10:25,5/21/2025 10:36,100,669,TRUE,5/21/2025 10:36,Male,"Native Hawaiian or Other Pacific Islander,White",2,Graduate Programs,,Graduate Program 3,Very important,Extremely important,Moderately Important,Moderately Important,Moderately Important,Very important,Extremely important,Extremely important,,,,,,,,1,3,2,4,Very important,Moderately important,Very important,Very important,Moderately important,Very important,Very important,Moderately important,Very important,Very important,Moderately important,Moderately important,Very important,Moderately important,Very important,Moderately important,Very important,Very important,Very important,Moderately important,Very important,Very important,Extremely important,Very important,Extremely important,Very important,Extremely important,Very important,Moderately important,Very important,seamless integration with employer tuition reimbursement programs.,Very important,Moderately important,Very important,Very important,Very important,Very important,Very important,Slightly important,Very important,Moderately important,Slightly important,Slightly important,Very important,Moderately important,Slightly important,Very important,Moderately important,Moderately important,Moderately important,Moderately important,Slightly important,Very important,Very important,Extremely important,Extremely important,Extremely important,Extremely important,Very important,Moderately important,Moderately important,Very important,Very important,a dedicated space where classes take place to encourage more interaction between students,Very important,Very important,Extremely important,Very important,Extremely important,Moderately important,Very important,Moderately important,Very important,,I think a class on course design and a transparent call for courses that students would like (so we can design what the consumer wants instead of supplying what we think they want) so I can identify possible teaching opportunities for me. Also some pedagogical instruction on course design and teaching.  ,have faculty meetings occasionally where more than 5 professors show up.,"invite cross-department professors to attend presentations by different student majors., and create an assigned Augustin College advisor program where students are assigned an professor adviser and professors are required to advise at least one student. "
5/21/2025 10:13,5/21/2025 10:38,100,1499,TRUE,5/21/2025 10:38,Female,White,1,Graduate Programs,,Graduate Program 1,Very important,Moderately Important,Very important,Extremely important,Slightly important,Moderately Important,Extremely important,Extremely important,2,5,7,1,4,3,6,1,2,4,3,Very important,Very important,Very important,Moderately important,Moderately important,Slightly important,Extremely important,Very important,Moderately important,Slightly important,Very important,Very important,Slightly important,Extremely important,Extremely important,Slightly important,Very important,Extremely important,Extremely important,,Extremely important,Extremely important,Moderately important,Very important,Slightly important,Extremely important,Very important,Very important,Moderately important,Very important,support students with access to strategies for studying advanced materials & aligning studies to personal learning goals and life circumstances,Very important,Moderately important,Very important,Moderately important,Very important,Extremely important,Extremely important,Moderately important,Moderately important,Very important,Moderately important,Very important,Moderately important,Extremely important,Very important,Moderately important,Moderately important,Moderately important,Extremely important,Extremely important,Extremely important,Very important,,,Extremely important,Moderately important,Very important,Very important,Very important,Moderately important,Very important,,,Extremely important,Very important,Extremely important,Very important,Very important,Extremely important,Extremely important,Extremely important,Extremely important,More differentiation on religious values,"support collaboration, feedback exchange, learning transfer and relationship building","facilitate introductions, connections, communications, access to info about who teaches what",group onboarding and community events with orchestrated activities (vs. just networking)
5/21/2025 10:55,5/21/2025 11:06,100,657,TRUE,5/21/2025 11:06,Male,White,6,Graduate Programs,,Graduate Program 2,Extremely important,Extremely important,Extremely important,Very important,Moderately Important,Moderately Important,Very important,Very important,1,5,7,6,4,2,3,1,4,2,3,Very important,Extremely important,Very important,Slightly important,Not Important,Slightly important,Very important,Very important,Very important,Very important,Moderately important,Very important,Very important,Moderately important,Moderately important,Very important,Moderately important,Slightly important,Very important,Moderately important,Extremely important,Moderately important,Very important,Extremely important,Extremely important,Extremely important,Extremely important,Very important,Very important,Very important,,Moderately important,Very important,Moderately important,Moderately important,Very important,Moderately important,Moderately important,Moderately important,Very important,Moderately important,Moderately important,Moderately important,Very important,Moderately important,Very important,Moderately important,Moderately important,Very important,Moderately important,Very important,Very important,Extremely important,Moderately important,Very important,Very important,Very important,Very important,Extremely important,Extremely important,Very important,Extremely important,Very important,,Very important,Moderately important,Very important,Very important,Very important,Moderately important,Moderately important,Very important,Very important,,,,
5/21/2025 13:17,5/21/2025 13:29,100,696,TRUE,5/21/2025 13:29,Female,White,1,Graduate Programs,,Graduate Program 1,Extremely important,Extremely important,Extremely important,Moderately Important,Very important,Moderately Important,Very important,Very important,1,4,7,2,6,3,5,1,4,2,3,Very important,Not Important,Very important,Not Important,Not Important,Extremely important,Extremely important,Moderately important,Not at all important,Not at all important,Very important,Extremely important,Very important,Extremely important,Extremely important,Not at all important,Moderately important,Not at all important,Very important,Not at all important,Extremely important,Not at all important,Extremely important,Extremely important,Moderately important,Extremely important,Extremely important,Extremely important,Extremely important,Extremely important,,Not at all important,Not at all important,Not at all important,Not at all important,Extremely important,Very important,Very important,Not at all important,Moderately important,Not at all important,Not at all important,Extremely important,Extremely important,Extremely important,Extremely important,Not at all important,Extremely important,Extremely important,Moderately important,Moderately important,Extremely important,Extremely important,Extremely important,Extremely important,Extremely important,Very important,Very important,Very important,Very important,Very important,Very important,Very important,,Extremely important,Extremely important,Extremely important,Extremely important,Extremely important,Extremely important,Extremely important,Extremely important,Extremely important,,,,
5/21/2025 16:23,5/21/2025 17:24,100,3668,TRUE,5/21/2025 17:24,Female,White,1,Graduate Programs,,Graduate Program 1,Very important,Very important,Very important,Very important,Very important,Very important,Extremely important,Extremely important,1,5,7,6,3,4,2,1,2,3,4,Very important,Extremely important,Extremely important,Very important,Very important,Extremely important,Moderately important,Moderately important,Moderately important,Extremely important,Very important,Extremely important,Extremely important,Extremely important,Extremely important,Extremely important,Very important,Very important,Extremely important,Very important,Very important,Very important,Very important,Very important,Extremely important,Very important,Very important,Very important,Very important,Very important,"I think Augustin College continues to offer innovative, flexible, and engaging learning experiences for undergraduate and graduate students. This survey is an example of the deep care that the administration has for academic excellence and their mission of developing men and women for others in the religious tradition. I would recommend that the motto take into consideration diversity and inclusion. ",Very important,Very important,Very important,Moderately important,Very important,Very important,Very important,Moderately important,Very important,Very important,Very important,Very important,Very important,Very important,Very important,Very important,Very important,Very important,Very important,Very important,Very important,Very important,Very important,Extremely important,Very important,Very important,Very important,Extremely important,Very important,Extremely important,Extremely important,Extremely important,These questions and survey items are excellent!,Very important,Very important,Very important,Extremely important,Extremely important,Extremely important,Extremely important,Extremely important,Extremely important,diversity,Continue to have faculty development opportunities. Stay in tuned with new technologies and the impact of AI on teaching and student completion of assignments.,"Faculty meetings and social events  help build community, which has been great to see!","It would be great to have events that include faculty, staff, and students to foster more communication and collaboration."
5/21/2025 21:01,5/21/2025 21:13,100,748,TRUE,5/21/2025 21:13,Male,Black or African American,2,Undergraduate Programs,Undergrad Program 2,,Extremely important,Extremely important,Extremely important,Very important,Extremely important,Very important,Extremely important,Extremely important,1,2,7,3,5,4,6,,,,,Very important,Very important,Very important,Very important,Moderately important,Very important,Very important,Extremely important,Extremely important,Extremely important,Very important,Extremely important,Very important,Very important,Very important,Very important,Very important,Very important,Very important,Slightly important,Extremely important,Moderately important,Extremely important,Very important,Very important,Very important,Very important,Moderately important,Very important,Very important,,Very important,Very important,Very important,Very important,Very important,Very important,Very important,Very important,Extremely important,Very important,Moderately important,Extremely important,Extremely important,Extremely important,Very important,Moderately important,Very important,Very important,Very important,Very important,Very important,Very important,Very important,Extremely important,Extremely important,Extremely important,Extremely important,Extremely important,Extremely important,Extremely important,Extremely important,Very important,,Moderately important,Extremely important,Very important,Extremely important,Extremely important,Very important,Very important,Very important,Very important,,,,
5/21/2025 21:38,5/21/2025 21:48,100,570,TRUE,5/21/2025 21:48,Female,White,9,Graduate Programs,,Graduate Program 3,Extremely important,Extremely important,Extremely important,Moderately Important,Moderately Important,Very important,Very important,Extremely important,1,3,4,2,6,7,5,1,4,2,3,Extremely important,Extremely important,Extremely important,Moderately important,Moderately important,Extremely important,Extremely important,Moderately important,Moderately important,Extremely important,Moderately important,Extremely important,Very important,Very important,Extremely important,Very important,Very important,Very important,Extremely important,Moderately important,Extremely important,Moderately important,Extremely important,Extremely important,Extremely important,Extremely important,Extremely important,Extremely important,Extremely important,Extremely important,Dedicated mentorship and career development program tailored specifically for non-traditional and working students,Moderately important,Extremely important,Moderately important,Moderately important,Extremely important,Extremely important,Extremely important,Slightly important,Extremely important,Very important,Very important,Very important,Very important,Very important,Extremely important,Very important,Very important,Very important,Very important,Very important,Very important,Extremely important,Extremely important,Extremely important,Extremely important,Extremely important,Extremely important,Extremely important,Extremely important,Extremely important,Extremely important,Extremely important,comprehensive peer networking,Slightly important,Extremely important,Moderately important,Moderately important,Extremely important,Moderately important,Moderately important,Moderately important,Extremely important,," dedicated faculty development program focused on innovative pedagogy, digital tools, and peer collaboration.",Organizing periodic in-person and virtual retreats or workshops that blend professional development with time for informal networking and social interaction,
5/22/2025 2:02,5/22/2025 2:09,82,417,FALSE,5/22/2025 6:09,Male,Asian,2,Undergraduate Programs,Undergrad Program 8,,Extremely important,Very important,Extremely important,Moderately Important,Very important,Moderately Important,Very important,Extremely important,1,2,6,3,5,4,7,1,2,3,4,Very important,Very important,Extremely important,Very important,Moderately important,Extremely important,Extremely important,Very important,Very important,Very important,Moderately important,Extremely important,Extremely important,Very important,Very important,Moderately important,Moderately important,Very important,Moderately important,Slightly important,,,,,,,,,,,,,,,,,,,,,,,,,,,,,,,,,,,,,,,,,,,,,,,,,,,,,,,,,
5/25/2025 8:10,5/25/2025 8:20,100,624,TRUE,5/25/2025 8:20,Male,White,3,Graduate Programs,,Graduate Program 2,Extremely important,Extremely important,Extremely important,Moderately Important,Extremely important,Moderately Important,Very important,Extremely important,1,5,7,2,3,4,6,1,4,2,3,Very important,Very important,Very important,Slightly important,Not Important,Moderately important,Extremely important,Very important,Moderately important,Very important,Very important,Extremely important,Moderately important,Very important,Very important,Extremely important,Moderately important,Moderately important,Very important,Not at all important,Extremely important,Moderately important,Extremely important,Very important,Moderately important,Very important,Very important,Moderately important,Very important,Very important,,Extremely important,Slightly important,Slightly important,Slightly important,Very important,Very important,Extremely important,Moderately important,Very important,,Not at all important,Extremely important,Very important,Extremely important,Extremely important,Slightly important,Extremely important,Extremely important,Slightly important,Very important,Very important,Very important,Very important,Extremely important,Very important,Very important,Very important,Very important,Very important,Very important,Very important,Very important,,Moderately important,Very important,Extremely important,Moderately important,Extremely important,Moderately important,Moderately important,Very important,Extremely important,,Promoting courses outside Augustin College ,Provide a contact list for faculty / LinkedIn page ,Lunch and Learn Webinars 
5/26/2025 7:07,5/26/2025 9:03,100,6939,TRUE,5/26/2025 9:03,Female,White,20th year,Graduate Programs,,Graduate Program 4,Extremely important,Extremely important,Very important,Extremely important,Extremely important,Very important,Extremely important,Very important,1,4,6,2,3,5,7,1,3,4,2,Extremely important,Extremely important,Extremely important,Extremely important,Not Important,Very important,Slightly important,Extremely important,Extremely important,Extremely important,Very important,Very important,Not at all important,Moderately important,Very important,Very important,Very important,Not at all important,Very important,Slightly important,Very important,Very important,Very important,Moderately important,Very important,Extremely important,Extremely important,Very important,Not at all important,Extremely important,"More community....One student recently said, ""I felt as if I was graduating (masters) with strangers.""",Extremely important,Extremely important,Extremely important,Slightly important,Very important,Very important,Slightly important,Slightly important,Extremely important,Extremely important,Slightly important,Slightly important,Extremely important,Very important,Very important,Extremely important,Extremely important,Extremely important,Very important,Very important,Very important,Very important,Very important,Extremely important,Extremely important,Extremely important,Extremely important,Slightly important,Extremely important,Extremely important,Extremely important,Extremely important,More peer-to-peer community development,Extremely important,Extremely important,Extremely important,Extremely important,Extremely important,Extremely important,Extremely important,Extremely important,Extremely important,Build a stronger alumni base.,Get faculty in departments together - to build community - for fun,Having a once- or twice a year gathering outside of Augustin College,Have an off campus fun afternoon for everyone - something without an agenda
5/26/2025 9:11,5/26/2025 9:22,100,620,TRUE,5/26/2025 9:22,Female,White,5,Undergraduate Programs,Undergrad Program 5,,Extremely important,Extremely important,Extremely important,Very important,Extremely important,Very important,Very important,Very important,1,4,5,6,2,3,7,1,2,4,3,Very important,Very important,Extremely important,Moderately important,Slightly important,Extremely important,Extremely important,Extremely important,Extremely important,Very important,Very important,Extremely important,Very important,Extremely important,Extremely important,Extremely important,Very important,Very important,Extremely important,Moderately important,Extremely important,Moderately important,Very important,Very important,Extremely important,Extremely important,Extremely important,Extremely important,Extremely important,Extremely important,More hybrid courses,Extremely important,Extremely important,Moderately important,Moderately important,Very important,Extremely important,Extremely important,Very important,Extremely important,Extremely important,Moderately important,Extremely important,Extremely important,Very important,Extremely important,Very important,Extremely important,Extremely important,Very important,Very important,Very important,Extremely important,Moderately important,Extremely important,Extremely important,Very important,Very important,Extremely important,Extremely important,Moderately important,Very important,Very important,,Very important,Extremely important,Very important,Very important,Extremely important,Very important,Very important,Extremely important,Extremely important,,,,
5/26/2025 11:40,5/26/2025 11:49,100,550,TRUE,5/26/2025 11:49,Female,White,17,"Undergraduate Programs,Graduate Programs","Undergrad Programs 10, 11",Graduate Program 1,Extremely important,Extremely important,Extremely important,Very important,Very important,Moderately Important,Extremely important,Extremely important,3,2,1,4,5,6,7,2,1,3,4,Extremely important,Extremely important,Extremely important,Moderately important,Moderately important,Very important,Extremely important,Very important,Very important,Extremely important,Moderately important,Moderately important,Moderately important,Extremely important,Extremely important,Extremely important,Very important,Slightly important,Very important,Slightly important,Very important,Slightly important,Very important,Extremely important,Slightly important,Very important,Extremely important,Very important,Extremely important,Extremely important,Some professors do not provide thoughtful and considered feedback on assignments; merely inputting a numerical grade. ,Extremely important,Very important,Moderately important,Slightly important,Extremely important,Extremely important,Extremely important,Slightly important,Extremely important,Extremely important,Very important,Very important,Extremely important,Very important,Extremely important,Moderately important,Extremely important,Very important,Moderately important,Moderately important,Slightly important,Extremely important,Extremely important,Extremely important,Extremely important,Extremely important,Extremely important,Very important,Moderately important,Extremely important,Extremely important,Very important,,Moderately important,Very important,Very important,Moderately important,Extremely important,Extremely important,Very important,Very important,Very important,,,,
5/27/2025 5:28,5/27/2025 5:49,100,1222,TRUE,5/27/2025 5:49,Male,White,6,Graduate Programs,,Graduate Program 4,Very important,Moderately Important,Very important,Extremely important,Very important,Slightly important,Extremely important,Extremely important,1,2,6,4,5,3,7,1,2,4,3,Moderately important,Slightly important,Moderately important,Moderately important,Moderately important,Extremely important,Very important,Very important,Slightly important,Very important,Slightly important,Moderately important,Moderately important,Moderately important,Very important,Very important,Moderately important,Very important,Very important,Slightly important,Moderately important,Slightly important,Moderately important,Very important,Very important,Extremely important,Very important,Moderately important,Very important,Extremely important,Stress the Augustin College experience as part of the overall Veritus Imperial University experience.  Ensure Augustin College is considered equal to the other schools within Veritus Imperial University. ,Extremely important,Very important,Extremely important,Moderately important,Extremely important,Extremely important,Very important,Extremely important,Very important,Extremely important,Moderately important,Very important,Extremely important,Very important,Very important,Very important,Very important,Very important,Moderately important,Moderately important,Moderately important,Moderately important,Very important,Very important,Moderately important,Moderately important,Moderately important,Slightly important,Moderately important,Slightly important,Slightly important,Moderately important,Provide common areas and study rooms dedicated to Augustin College students to provide a greater sense of community. ,Very important,Very important,Moderately important,Moderately important,Very important,Slightly important,Extremely important,Moderately important,Moderately important,More integration with the Veritus Imperial University ideals and philosopy,More support in building courses and integrating new teaching techniques into classes,More opportunities to interact on a personal level,More opportunities to interact 
5/27/2025 10:46,5/27/2025 11:03,100,1031,TRUE,5/27/2025 11:03,Male,White,1,Graduate Programs,,Graduate Program 1,Extremely important,Very important,Moderately Important,Extremely important,Very important,Moderately Important,Very important,Very important,1,3,6,2,5,4,7,1,2,3,4,Very important,Moderately important,Extremely important,Moderately important,Slightly important,Very important,Very important,Very important,Very important,Extremely important,Moderately important,Very important,Very important,Extremely important,Very important,Extremely important,Slightly important,Moderately important,Very important,Moderately important,Very important,Extremely important,Extremely important,Very important,Very important,Very important,Very important,Extremely important,Very important,Extremely important,"Provide specific guidance, support and verification to explicitly demonstrate the full range of spritual leadership activities (e.g., awareness, discernment, spirit-led purpose) in each Augustin College course.",Very important,Moderately important,Slightly important,Moderately important,Very important,Very important,Extremely important,Moderately important,Extremely important,Moderately important,Moderately important,Moderately important,Very important,Very important,Extremely important,Moderately important,Moderately important,Extremely important,Moderately important,Moderately important,Moderately important,Very important,Moderately important,Extremely important,Very important,Very important,Extremely important,Extremely important,Very important,Moderately important,Very important,Extremely important,Each student should have a personalized roadmap that clearly outlines how their Augustin College and extended activities are preparing them for an expanded contribution in their future endeavors.,Extremely important,Very important,Extremely important,Very important,Very important,Extremely important,Very important,Extremely important,Extremely important,Creating clarity and differentiation versus comparative programs/options; stronger and meaningful corporate partnerships,Stronger guidance on a select set of standards while preserving each professor's ability to craft the learning experience for a given class,"Optional recurring (e.g., same evening each month) faculty development and group coaching opportunities","Action-oriented, community-based impact opportunities to apply concepts from coursework in a real world setting"
5/27/2025 11:04,5/27/2025 11:13,100,538,TRUE,5/27/2025 11:13,Female,White,3,Graduate Programs,,Graduate Program 1,Extremely important,Extremely important,Extremely important,Extremely important,Extremely important,Extremely important,Extremely important,Extremely important,2,3,6,1,4,5,7,1,4,2,3,Very important,Slightly important,Extremely important,Slightly important,Not Important,Moderately important,Extremely important,Extremely important,Slightly important,Extremely important,Very important,Extremely important,,Extremely important,Extremely important,Very important,Moderately important,Slightly important,Extremely important,Not at all important,Extremely important,Very important,Extremely important,Extremely important,Extremely important,Extremely important,Extremely important,Extremely important,Extremely important,Extremely important,better support to faculty on technology and systems being used as part of the program,Extremely important,Slightly important,Not at all important,Not at all important,Extremely important,Extremely important,Extremely important,Not at all important,Extremely important,Extremely important,Not at all important,Not at all important,Extremely important,Extremely important,Extremely important,Moderately important,Extremely important,Slightly important,Slightly important,Slightly important,Slightly important,Extremely important,Very important,Extremely important,Extremely important,Extremely important,Extremely important,Extremely important,Extremely important,Extremely important,Extremely important,Extremely important,enhanced connection to career services,Extremely important,Extremely important,Extremely important,Extremely important,Extremely important,Extremely important,Extremely important,Extremely important,Extremely important,ensuring that staff has real world expereince is critical to your value proposition and a true differentiator,It can feel a little disorganized at times or ad hoc with minimal guidance - pairing Adjuncts with a mentor or peer would help resolve some of that,offer continuing ed for staff and that can bring them together ,
5/27/2025 11:09,5/27/2025 11:19,100,585,TRUE,5/27/2025 11:19,Male,"Black or African American,White",10,Undergraduate Programs,"Undergrad Programs 2, 9",,Extremely important,Very important,Extremely important,Extremely important,Very important,Very important,Extremely important,Extremely important,3,1,4,6,5,2,7,1,2,3,4,Extremely important,Extremely important,Extremely important,Very important,Very important,Very important,Very important,Very important,Moderately important,Extremely important,Extremely important,Extremely important,Very important,Extremely important,Extremely important,Very important,Very important,Very important,Extremely important,Very important,Extremely important,Extremely important,Extremely important,Extremely important,Extremely important,Very important,Extremely important,Very important,Extremely important,Extremely important,,Very important,Very important,Very important,Very important,Extremely important,Extremely important,Extremely important,Very important,Extremely important,Extremely important,Extremely important,Extremely important,Extremely important,Extremely important,Extremely important,Very important,Extremely important,Extremely important,Very important,Very important,Extremely important,Very important,Extremely important,Very important,Extremely important,Extremely important,Extremely important,Extremely important,Extremely important,Very important,Extremely important,Extremely important,,Extremely important,Extremely important,Extremely important,Extremely important,Very important,Extremely important,Extremely important,Extremely important,Extremely important,,,,
5/27/2025 14:21,5/27/2025 14:33,100,734,TRUE,5/27/2025 14:33,Male,Prefer not to say,1,Graduate Programs,,Graduate Program 3,Very important,Very important,Very important,Moderately Important,Moderately Important,Very important,Very important,Very important,1,4,7,2,6,5,3,4,1,2,3,Moderately important,Very important,Moderately important,Very important,Slightly important,Slightly important,Very important,Very important,Slightly important,Slightly important,Slightly important,Very important,Slightly important,Moderately important,Moderately important,Slightly important,Slightly important,Slightly important,Slightly important,Slightly important,Very important,Moderately important,Very important,Moderately important,Slightly important,Extremely important,Extremely important,Extremely important,Extremely important,Extremely important,"Improved screening of incoming students (language proficiency, preparedness, etc.)",Moderately important,Moderately important,Slightly important,Slightly important,Very important,Very important,Moderately important,Slightly important,Very important,Slightly important,Moderately important,Very important,Very important,Very important,Very important,Very important,Moderately important,Moderately important,Very important,Very important,Very important,Moderately important,Slightly important,Moderately important,Moderately important,Moderately important,Moderately important,Moderately important,Slightly important,Moderately important,Slightly important,Moderately important,Better parking options for evening grad students. ,Moderately important,Moderately important,Moderately important,Moderately important,Moderately important,Moderately important,Moderately important,Moderately important,Moderately important,,,,
5/27/2025 15:10,5/27/2025 15:34,100,1460,TRUE,5/27/2025 15:34,Male,White,40 years.,"Undergraduate Programs,Graduate Programs",Undergrad Program 13,Graduate Program 3,Extremely important,Extremely important,Very important,Very important,Very important,Very important,Extremely important,Very important,1,7,6,2,5,4,3,1,2,3,4,Extremely important,Moderately important,Moderately important,Moderately important,Not Important,Moderately important,Extremely important,Extremely important,Very important,Very important,Very important,Very important,Very important,Extremely important,Extremely important,Very important,Slightly important,Slightly important,Moderately important,Slightly important,Extremely important,Extremely important,Extremely important,Moderately important,Very important,Extremely important,Extremely important,Very important,Extremely important,Extremely important,Planning course offerings.,Slightly important,Slightly important,Slightly important,Slightly important,Moderately important,Slightly important,Moderately important,Not at all important,Extremely important,Moderately important,Not at all important,Slightly important,Very important,Extremely important,Very important,Not at all important,Moderately important,Moderately important,Slightly important,Slightly important,Slightly important,Moderately important,Very important,Very important,Extremely important,Extremely important,Extremely important,Moderately important,Moderately important,Very important,Extremely important,Very important,,,,,,,,,,,,,,
5/27/2025 16:44,5/27/2025 16:53,100,542,TRUE,5/27/2025 16:53,Female,White,8,Graduate Programs,,Graduate Program 1,Extremely important,Extremely important,Very important,Extremely important,Extremely important,Extremely important,Extremely important,Extremely important,1,3,7,2,4,6,5,1,3,4,2,Moderately important,Very important,Extremely important,Moderately important,Moderately important,Extremely important,Extremely important,Very important,Very important,Extremely important,Very important,Very important,Very important,Very important,Very important,Extremely important,Very important,Moderately important,Extremely important,Moderately important,Extremely important,Extremely important,Extremely important,Very important,Very important,Extremely important,Extremely important,Extremely important,Very important,Very important,"More opportunities for students and faculty to engage in a more social setting, build better rapport and connections.  There is little time to get to know students as individuals otherwise. ",Extremely important,Very important,Very important,Moderately important,Very important,Very important,Extremely important,Moderately important,Extremely important,Very important,Moderately important,Very important,Extremely important,Extremely important,Very important,Very important,Very important,Very important,Very important,Very important,Very important,Very important,Very important,Very important,Extremely important,Very important,Very important,Extremely important,Extremely important,Extremely important,Extremely important,Extremely important,,Extremely important,Very important,Very important,Slightly important,Very important,Very important,Very important,Very important,Very important,,,,
5/29/2025 3:45,5/29/2025 3:59,100,816,TRUE,5/29/2025 3:59,Female,White,8 years,Graduate Programs,,Graduate Program 4,Slightly important,Slightly important,Slightly important,Moderately Important,Moderately Important,Moderately Important,Moderately Important,Very important,1,2,7,3,5,4,6,1,4,2,3,Very important,Very important,Extremely important,Very important,Not Important,Moderately important,Moderately important,Very important,Moderately important,Very important,Slightly important,Moderately important,Not at all important,Slightly important,Slightly important,Very important,Slightly important,Slightly important,Very important,Not at all important,Very important,Very important,Moderately important,Slightly important,Very important,Very important,Very important,Very important,Moderately important,Very important,More support for students coming in who are also expected to play a sport. ,Slightly important,Moderately important,Slightly important,Slightly important,Slightly important,Slightly important,Slightly important,Slightly important,Very important,Very important,Not at all important,Moderately important,Moderately important,Slightly important,Slightly important,Moderately important,Not at all important,Moderately important,Not at all important,Moderately important,Moderately important,Very important,Very important,Very important,Very important,Very important,Moderately important,Very important,Very important,Extremely important,Extremely important,Extremely important,,Very important,Very important,Moderately important,Very important,Very important,Very important,Moderately important,Very important,Moderately important,,,,
5/30/2025 8:59,5/30/2025 9:12,100,759,TRUE,5/30/2025 9:12,Male,White,2,Graduate Programs,,Graduate Program 4,Very important,Very important,Very important,Very important,Extremely important,Very important,Extremely important,Extremely important,1,3,4,2,5,6,7,,,,,Extremely important,Very important,Extremely important,Very important,Moderately important,Moderately important,Moderately important,Extremely important,Very important,Extremely important,Extremely important,Extremely important,Very important,Extremely important,Extremely important,Very important,Very important,Very important,Very important,Very important,Very important,Very important,Very important,Very important,Extremely important,Extremely important,Extremely important,Extremely important,Extremely important,Extremely important,Maybe a more formal faculty support program for career and professional development.,Very important,Very important,Moderately important,Very important,Very important,Very important,Very important,Very important,Extremely important,Extremely important,Very important,Extremely important,Very important,Very important,Extremely important,Very important,Very important,Very important,Very important,Very important,Very important,Very important,Very important,Extremely important,Extremely important,Extremely important,Extremely important,Extremely important,Extremely important,Extremely important,Extremely important,Extremely important,,Extremely important,Very important,Extremely important,Extremely important,Very important,Extremely important,Extremely important,Very important,Very important,concept of lifelong learning ,,,
6/2/2025 20:17,6/2/2025 20:36,100,1156,TRUE,6/2/2025 20:36,Male,Hispanic or Latino,6,Graduate Programs,,Graduate Program 4,Extremely important,Extremely important,Very important,Very important,Very important,Moderately Important,Extremely important,Extremely important,2,3,7,1,5,6,4,2,1,3,4,Moderately important,Very important,Extremely important,Moderately important,Slightly important,Moderately important,Very important,Extremely important,Very important,Very important,Slightly important,Extremely important,Slightly important,Moderately important,Extremely important,Extremely important,Very important,Moderately important,Very important,Slightly important,Very important,Slightly important,Very important,Very important,Extremely important,Extremely important,Extremely important,Extremely important,Extremely important,Extremely important,I think that possibly once a year there should be an opportunity for  faculty and students to interact in some format face to face.  Perhaps 2 dates in the year could be delineated where every 2 years a faculty member has to attend one of the days and the students would be required to attend each of these which would be twice a year for them to get to meet face to face with faculty and learn about all the other faculty and programs with focus on their particular program and faculty.  I think the personal face to face interactions would facilitate mentoring. future assistance of the students career path as I think face to face meetings break down barriers to communication..  I think the threshold for this interpersonal interaction is lacking for most of the students who are in the asynchronous mode and quite frankly I sometime feel that as an instructor I am sometimes on the outside looking in.  ,Very important,Moderately important,Moderately important,Slightly important,Very important,Very important,Very important,Moderately important,Extremely important,Moderately important,Moderately important,Moderately important,Moderately important,Extremely important,Very important,Very important,Extremely important,Very important,Very important,Very important,Extremely important,Extremely important,Extremely important,Extremely important,Extremely important,Extremely important,Extremely important,Extremely important,Extremely important,Extremely important,Extremely important,Extremely important,"See previous comments, and a database of people or organizations receptive to Veritus Imperial University Augustin College Students internships, work study or preceptorships.",Very important,Very important,Extremely important,Very important,Extremely important,Extremely important,Extremely important,Extremely important,Extremely important,,,See previous,See previous
